DEBUG - 2026-02-16 04:45:26 --> Session: Class initialized using 'CodeIgniter\Session\Handlers\FileHandler' driver.
DEBUG - 2026-02-16 04:45:33 --> Session: Class initialized using 'CodeIgniter\Session\Handlers\FileHandler' driver.
DEBUG - 2026-02-16 04:45:34 --> Session: Class initialized using 'CodeIgniter\Session\Handlers\FileHandler' driver.
DEBUG - 2026-02-16 04:46:54 --> Session: Class initialized using 'CodeIgniter\Session\Handlers\FileHandler' driver.
DEBUG - 2026-02-16 04:47:22 --> Session: Class initialized using 'CodeIgniter\Session\Handlers\FileHandler' driver.
DEBUG - 2026-02-16 04:51:00 --> Session: Class initialized using 'CodeIgniter\Session\Handlers\FileHandler' driver.
DEBUG - 2026-02-16 04:51:09 --> Session: Class initialized using 'CodeIgniter\Session\Handlers\FileHandler' driver.
DEBUG - 2026-02-16 04:51:12 --> Session: Class initialized using 'CodeIgniter\Session\Handlers\FileHandler' driver.
DEBUG - 2026-02-16 04:51:16 --> Session: Class initialized using 'CodeIgniter\Session\Handlers\FileHandler' driver.
DEBUG - 2026-02-16 05:09:15 --> Session: Class initialized using 'CodeIgniter\Session\Handlers\FileHandler' driver.
DEBUG - 2026-02-16 05:12:12 --> Session: Class initialized using 'CodeIgniter\Session\Handlers\FileHandler' driver.
DEBUG - 2026-02-16 05:12:51 --> Session: Class initialized using 'CodeIgniter\Session\Handlers\FileHandler' driver.
DEBUG - 2026-02-16 05:13:33 --> Session: Class initialized using 'CodeIgniter\Session\Handlers\FileHandler' driver.
DEBUG - 2026-02-16 05:14:19 --> Session: Class initialized using 'CodeIgniter\Session\Handlers\FileHandler' driver.
DEBUG - 2026-02-16 05:21:12 --> Session: Class initialized using 'CodeIgniter\Session\Handlers\FileHandler' driver.
CRITICAL - 2026-02-16 05:39:10 --> Error: Call to a member function isAJAX() on null
[Method: GET, Route: introducer/search]
in APPPATH\Controllers\Member.php on line 12.
 1 SYSTEMPATH\CodeIgniter.php(921): App\Controllers\Member->__construct()
 2 SYSTEMPATH\CodeIgniter.php(488): CodeIgniter\CodeIgniter->createController()
 3 SYSTEMPATH\CodeIgniter.php(340): CodeIgniter\CodeIgniter->handleRequest(null, Object(Config\Cache), false)
 4 SYSTEMPATH\Boot.php(417): CodeIgniter\CodeIgniter->run()
 5 SYSTEMPATH\Boot.php(68): CodeIgniter\Boot::runCodeIgniter(Object(CodeIgniter\CodeIgniter))
 6 FCPATH\index.php(59): CodeIgniter\Boot::bootWeb(Object(Config\Paths))
DEBUG - 2026-02-16 05:41:57 --> Session: Class initialized using 'CodeIgniter\Session\Handlers\FileHandler' driver.
DEBUG - 2026-02-16 05:44:08 --> Session: Class initialized using 'CodeIgniter\Session\Handlers\FileHandler' driver.
DEBUG - 2026-02-16 05:45:06 --> Session: Class initialized using 'CodeIgniter\Session\Handlers\FileHandler' driver.
DEBUG - 2026-02-16 05:45:10 --> Session: Class initialized using 'CodeIgniter\Session\Handlers\FileHandler' driver.
DEBUG - 2026-02-16 05:45:15 --> Session: Class initialized using 'CodeIgniter\Session\Handlers\FileHandler' driver.
DEBUG - 2026-02-16 05:45:17 --> Session: Class initialized using 'CodeIgniter\Session\Handlers\FileHandler' driver.
DEBUG - 2026-02-16 05:45:17 --> Session: Class initialized using 'CodeIgniter\Session\Handlers\FileHandler' driver.
DEBUG - 2026-02-16 05:45:18 --> Session: Class initialized using 'CodeIgniter\Session\Handlers\FileHandler' driver.
DEBUG - 2026-02-16 05:45:18 --> Session: Class initialized using 'CodeIgniter\Session\Handlers\FileHandler' driver.
DEBUG - 2026-02-16 05:45:18 --> Session: Class initialized using 'CodeIgniter\Session\Handlers\FileHandler' driver.
DEBUG - 2026-02-16 05:45:20 --> Session: Class initialized using 'CodeIgniter\Session\Handlers\FileHandler' driver.
DEBUG - 2026-02-16 05:45:20 --> Session: Class initialized using 'CodeIgniter\Session\Handlers\FileHandler' driver.
DEBUG - 2026-02-16 05:45:20 --> Session: Class initialized using 'CodeIgniter\Session\Handlers\FileHandler' driver.
DEBUG - 2026-02-16 05:45:21 --> Session: Class initialized using 'CodeIgniter\Session\Handlers\FileHandler' driver.
DEBUG - 2026-02-16 05:45:21 --> Session: Class initialized using 'CodeIgniter\Session\Handlers\FileHandler' driver.
DEBUG - 2026-02-16 05:45:21 --> Session: Class initialized using 'CodeIgniter\Session\Handlers\FileHandler' driver.
DEBUG - 2026-02-16 05:45:22 --> Session: Class initialized using 'CodeIgniter\Session\Handlers\FileHandler' driver.
DEBUG - 2026-02-16 05:56:46 --> Session: Class initialized using 'CodeIgniter\Session\Handlers\FileHandler' driver.
DEBUG - 2026-02-16 06:22:37 --> Session: Class initialized using 'CodeIgniter\Session\Handlers\FileHandler' driver.
DEBUG - 2026-02-16 06:22:44 --> Session: Class initialized using 'CodeIgniter\Session\Handlers\FileHandler' driver.
DEBUG - 2026-02-16 06:22:45 --> Session: Class initialized using 'CodeIgniter\Session\Handlers\FileHandler' driver.
DEBUG - 2026-02-16 06:22:45 --> Session: Class initialized using 'CodeIgniter\Session\Handlers\FileHandler' driver.
DEBUG - 2026-02-16 06:22:46 --> Session: Class initialized using 'CodeIgniter\Session\Handlers\FileHandler' driver.
DEBUG - 2026-02-16 06:22:46 --> Session: Class initialized using 'CodeIgniter\Session\Handlers\FileHandler' driver.
DEBUG - 2026-02-16 06:22:47 --> Session: Class initialized using 'CodeIgniter\Session\Handlers\FileHandler' driver.
DEBUG - 2026-02-16 06:22:59 --> Session: Class initialized using 'CodeIgniter\Session\Handlers\FileHandler' driver.
DEBUG - 2026-02-16 06:26:51 --> Session: Class initialized using 'CodeIgniter\Session\Handlers\FileHandler' driver.
DEBUG - 2026-02-16 06:27:16 --> Session: Class initialized using 'CodeIgniter\Session\Handlers\FileHandler' driver.
DEBUG - 2026-02-16 06:38:06 --> Session: Class initialized using 'CodeIgniter\Session\Handlers\FileHandler' driver.
DEBUG - 2026-02-16 06:38:11 --> Session: Class initialized using 'CodeIgniter\Session\Handlers\FileHandler' driver.
DEBUG - 2026-02-16 06:38:16 --> Session: Class initialized using 'CodeIgniter\Session\Handlers\FileHandler' driver.
DEBUG - 2026-02-16 06:48:17 --> Session: Class initialized using 'CodeIgniter\Session\Handlers\FileHandler' driver.
DEBUG - 2026-02-16 06:48:22 --> Session: Class initialized using 'CodeIgniter\Session\Handlers\FileHandler' driver.
DEBUG - 2026-02-16 06:48:26 --> Session: Class initialized using 'CodeIgniter\Session\Handlers\FileHandler' driver.
DEBUG - 2026-02-16 06:49:54 --> Session: Class initialized using 'CodeIgniter\Session\Handlers\FileHandler' driver.
DEBUG - 2026-02-16 06:54:03 --> Session: Class initialized using 'CodeIgniter\Session\Handlers\FileHandler' driver.
DEBUG - 2026-02-16 06:55:29 --> Session: Class initialized using 'CodeIgniter\Session\Handlers\FileHandler' driver.
DEBUG - 2026-02-16 07:01:12 --> Session: Class initialized using 'CodeIgniter\Session\Handlers\FileHandler' driver.
DEBUG - 2026-02-16 07:01:19 --> Session: Class initialized using 'CodeIgniter\Session\Handlers\FileHandler' driver.
DEBUG - 2026-02-16 07:01:20 --> Session: Class initialized using 'CodeIgniter\Session\Handlers\FileHandler' driver.
DEBUG - 2026-02-16 07:01:21 --> Session: Class initialized using 'CodeIgniter\Session\Handlers\FileHandler' driver.
DEBUG - 2026-02-16 07:01:22 --> Session: Class initialized using 'CodeIgniter\Session\Handlers\FileHandler' driver.
DEBUG - 2026-02-16 07:01:23 --> Session: Class initialized using 'CodeIgniter\Session\Handlers\FileHandler' driver.
DEBUG - 2026-02-16 07:01:24 --> Session: Class initialized using 'CodeIgniter\Session\Handlers\FileHandler' driver.
DEBUG - 2026-02-16 07:03:50 --> Session: Class initialized using 'CodeIgniter\Session\Handlers\FileHandler' driver.
DEBUG - 2026-02-16 07:06:34 --> Session: Class initialized using 'CodeIgniter\Session\Handlers\FileHandler' driver.
DEBUG - 2026-02-16 07:06:49 --> Session: Class initialized using 'CodeIgniter\Session\Handlers\FileHandler' driver.
DEBUG - 2026-02-16 07:07:05 --> Session: Class initialized using 'CodeIgniter\Session\Handlers\FileHandler' driver.
DEBUG - 2026-02-16 07:07:36 --> Session: Class initialized using 'CodeIgniter\Session\Handlers\FileHandler' driver.
DEBUG - 2026-02-16 07:07:42 --> Session: Class initialized using 'CodeIgniter\Session\Handlers\FileHandler' driver.
DEBUG - 2026-02-16 07:09:02 --> Session: Class initialized using 'CodeIgniter\Session\Handlers\FileHandler' driver.
DEBUG - 2026-02-16 07:09:17 --> Session: Class initialized using 'CodeIgniter\Session\Handlers\FileHandler' driver.
DEBUG - 2026-02-16 07:09:24 --> Session: Class initialized using 'CodeIgniter\Session\Handlers\FileHandler' driver.
DEBUG - 2026-02-16 07:10:05 --> Session: Class initialized using 'CodeIgniter\Session\Handlers\FileHandler' driver.
DEBUG - 2026-02-16 07:12:45 --> Session: Class initialized using 'CodeIgniter\Session\Handlers\FileHandler' driver.
DEBUG - 2026-02-16 07:12:54 --> Session: Class initialized using 'CodeIgniter\Session\Handlers\FileHandler' driver.
DEBUG - 2026-02-16 07:12:54 --> Session: Class initialized using 'CodeIgniter\Session\Handlers\FileHandler' driver.
DEBUG - 2026-02-16 07:12:55 --> Session: Class initialized using 'CodeIgniter\Session\Handlers\FileHandler' driver.
DEBUG - 2026-02-16 07:13:09 --> Session: Class initialized using 'CodeIgniter\Session\Handlers\FileHandler' driver.
DEBUG - 2026-02-16 07:13:09 --> Session: Class initialized using 'CodeIgniter\Session\Handlers\FileHandler' driver.
DEBUG - 2026-02-16 07:13:10 --> Session: Class initialized using 'CodeIgniter\Session\Handlers\FileHandler' driver.
DEBUG - 2026-02-16 07:13:10 --> Session: Class initialized using 'CodeIgniter\Session\Handlers\FileHandler' driver.
DEBUG - 2026-02-16 07:13:10 --> Session: Class initialized using 'CodeIgniter\Session\Handlers\FileHandler' driver.
DEBUG - 2026-02-16 07:18:44 --> Session: Class initialized using 'CodeIgniter\Session\Handlers\FileHandler' driver.
DEBUG - 2026-02-16 07:18:49 --> Session: Class initialized using 'CodeIgniter\Session\Handlers\FileHandler' driver.
DEBUG - 2026-02-16 07:18:49 --> Session: Class initialized using 'CodeIgniter\Session\Handlers\FileHandler' driver.
DEBUG - 2026-02-16 07:18:49 --> Session: Class initialized using 'CodeIgniter\Session\Handlers\FileHandler' driver.
DEBUG - 2026-02-16 07:18:51 --> Session: Class initialized using 'CodeIgniter\Session\Handlers\FileHandler' driver.
DEBUG - 2026-02-16 07:18:51 --> Session: Class initialized using 'CodeIgniter\Session\Handlers\FileHandler' driver.
DEBUG - 2026-02-16 07:19:49 --> Session: Class initialized using 'CodeIgniter\Session\Handlers\FileHandler' driver.
DEBUG - 2026-02-16 07:19:54 --> Session: Class initialized using 'CodeIgniter\Session\Handlers\FileHandler' driver.
DEBUG - 2026-02-16 07:19:55 --> Session: Class initialized using 'CodeIgniter\Session\Handlers\FileHandler' driver.
DEBUG - 2026-02-16 07:19:56 --> Session: Class initialized using 'CodeIgniter\Session\Handlers\FileHandler' driver.
DEBUG - 2026-02-16 07:19:57 --> Session: Class initialized using 'CodeIgniter\Session\Handlers\FileHandler' driver.
DEBUG - 2026-02-16 07:20:15 --> Session: Class initialized using 'CodeIgniter\Session\Handlers\FileHandler' driver.
DEBUG - 2026-02-16 07:20:22 --> Session: Class initialized using 'CodeIgniter\Session\Handlers\FileHandler' driver.
DEBUG - 2026-02-16 07:20:22 --> Session: Class initialized using 'CodeIgniter\Session\Handlers\FileHandler' driver.
DEBUG - 2026-02-16 07:20:23 --> Session: Class initialized using 'CodeIgniter\Session\Handlers\FileHandler' driver.
DEBUG - 2026-02-16 07:21:32 --> Session: Class initialized using 'CodeIgniter\Session\Handlers\FileHandler' driver.
DEBUG - 2026-02-16 07:21:37 --> Session: Class initialized using 'CodeIgniter\Session\Handlers\FileHandler' driver.
DEBUG - 2026-02-16 07:21:37 --> Session: Class initialized using 'CodeIgniter\Session\Handlers\FileHandler' driver.
DEBUG - 2026-02-16 07:21:39 --> Session: Class initialized using 'CodeIgniter\Session\Handlers\FileHandler' driver.
DEBUG - 2026-02-16 07:22:03 --> Session: Class initialized using 'CodeIgniter\Session\Handlers\FileHandler' driver.
DEBUG - 2026-02-16 07:22:08 --> Session: Class initialized using 'CodeIgniter\Session\Handlers\FileHandler' driver.
DEBUG - 2026-02-16 07:22:08 --> Session: Class initialized using 'CodeIgniter\Session\Handlers\FileHandler' driver.
DEBUG - 2026-02-16 07:22:09 --> Session: Class initialized using 'CodeIgniter\Session\Handlers\FileHandler' driver.
DEBUG - 2026-02-16 07:23:42 --> Session: Class initialized using 'CodeIgniter\Session\Handlers\FileHandler' driver.
DEBUG - 2026-02-16 07:23:47 --> Session: Class initialized using 'CodeIgniter\Session\Handlers\FileHandler' driver.
DEBUG - 2026-02-16 07:23:52 --> Session: Class initialized using 'CodeIgniter\Session\Handlers\FileHandler' driver.
DEBUG - 2026-02-16 07:23:52 --> Session: Class initialized using 'CodeIgniter\Session\Handlers\FileHandler' driver.
DEBUG - 2026-02-16 07:23:53 --> Session: Class initialized using 'CodeIgniter\Session\Handlers\FileHandler' driver.
DEBUG - 2026-02-16 07:23:58 --> Session: Class initialized using 'CodeIgniter\Session\Handlers\FileHandler' driver.
DEBUG - 2026-02-16 07:23:58 --> Session: Class initialized using 'CodeIgniter\Session\Handlers\FileHandler' driver.
DEBUG - 2026-02-16 07:24:19 --> Session: Class initialized using 'CodeIgniter\Session\Handlers\FileHandler' driver.
DEBUG - 2026-02-16 07:24:19 --> Session: Class initialized using 'CodeIgniter\Session\Handlers\FileHandler' driver.
DEBUG - 2026-02-16 07:24:22 --> Session: Class initialized using 'CodeIgniter\Session\Handlers\FileHandler' driver.
DEBUG - 2026-02-16 07:24:29 --> Session: Class initialized using 'CodeIgniter\Session\Handlers\FileHandler' driver.
DEBUG - 2026-02-16 07:24:29 --> Session: Class initialized using 'CodeIgniter\Session\Handlers\FileHandler' driver.
DEBUG - 2026-02-16 07:25:31 --> Session: Class initialized using 'CodeIgniter\Session\Handlers\FileHandler' driver.
DEBUG - 2026-02-16 07:25:36 --> Session: Class initialized using 'CodeIgniter\Session\Handlers\FileHandler' driver.
DEBUG - 2026-02-16 07:25:56 --> Session: Class initialized using 'CodeIgniter\Session\Handlers\FileHandler' driver.
DEBUG - 2026-02-16 07:26:06 --> Session: Class initialized using 'CodeIgniter\Session\Handlers\FileHandler' driver.
DEBUG - 2026-02-16 07:26:08 --> Session: Class initialized using 'CodeIgniter\Session\Handlers\FileHandler' driver.
DEBUG - 2026-02-16 07:26:11 --> Session: Class initialized using 'CodeIgniter\Session\Handlers\FileHandler' driver.
DEBUG - 2026-02-16 07:26:12 --> Session: Class initialized using 'CodeIgniter\Session\Handlers\FileHandler' driver.
DEBUG - 2026-02-16 07:26:21 --> Session: Class initialized using 'CodeIgniter\Session\Handlers\FileHandler' driver.
DEBUG - 2026-02-16 07:26:22 --> Session: Class initialized using 'CodeIgniter\Session\Handlers\FileHandler' driver.
DEBUG - 2026-02-16 07:31:41 --> Session: Class initialized using 'CodeIgniter\Session\Handlers\FileHandler' driver.
DEBUG - 2026-02-16 07:32:00 --> Session: Class initialized using 'CodeIgniter\Session\Handlers\FileHandler' driver.
DEBUG - 2026-02-16 07:32:57 --> Session: Class initialized using 'CodeIgniter\Session\Handlers\FileHandler' driver.
DEBUG - 2026-02-16 07:33:17 --> Session: Class initialized using 'CodeIgniter\Session\Handlers\FileHandler' driver.
DEBUG - 2026-02-16 07:33:25 --> Session: Class initialized using 'CodeIgniter\Session\Handlers\FileHandler' driver.
DEBUG - 2026-02-16 07:41:41 --> Session: Class initialized using 'CodeIgniter\Session\Handlers\FileHandler' driver.
DEBUG - 2026-02-16 07:42:49 --> Session: Class initialized using 'CodeIgniter\Session\Handlers\FileHandler' driver.
CRITICAL - 2026-02-16 07:42:49 --> ErrorException: Undefined property: App\Controllers\Member::$memberModel
[Method: GET, Route: member/searchByPincode]
in APPPATH\Controllers\Member.php on line 411.
 1 APPPATH\Controllers\Member.php(411): CodeIgniter\Debug\Exceptions->errorHandler(2, 'Undefined property: App\\Controllers\\Member::$memberModel', 'C:\\xampp\\htdocs\\MemberCreation\\app\\Controllers\\Member.php', 411)
 2 SYSTEMPATH\CodeIgniter.php(951): App\Controllers\Member->searchByPincode()
 3 SYSTEMPATH\CodeIgniter.php(497): CodeIgniter\CodeIgniter->runController(Object(App\Controllers\Member))
 4 SYSTEMPATH\CodeIgniter.php(340): CodeIgniter\CodeIgniter->handleRequest(null, Object(Config\Cache), false)
 5 SYSTEMPATH\Boot.php(417): CodeIgniter\CodeIgniter->run()
 6 SYSTEMPATH\Boot.php(68): CodeIgniter\Boot::runCodeIgniter(Object(CodeIgniter\CodeIgniter))
 7 FCPATH\index.php(59): CodeIgniter\Boot::bootWeb(Object(Config\Paths))
 8 SYSTEMPATH\rewrite.php(44): require_once('C:\\xampp\\htdocs\\MemberCreation\\public\\index.php')
DEBUG - 2026-02-16 07:45:29 --> Session: Class initialized using 'CodeIgniter\Session\Handlers\FileHandler' driver.
DEBUG - 2026-02-16 07:45:35 --> Session: Class initialized using 'CodeIgniter\Session\Handlers\FileHandler' driver.
DEBUG - 2026-02-16 07:51:14 --> Session: Class initialized using 'CodeIgniter\Session\Handlers\FileHandler' driver.
DEBUG - 2026-02-16 08:35:14 --> Session: Class initialized using 'CodeIgniter\Session\Handlers\FileHandler' driver.
DEBUG - 2026-02-16 08:35:15 --> Session: Class initialized using 'CodeIgniter\Session\Handlers\FileHandler' driver.
DEBUG - 2026-02-16 08:35:34 --> Session: Class initialized using 'CodeIgniter\Session\Handlers\FileHandler' driver.
WARNING - 2026-02-16 08:35:34 --> [DEPRECATED] Creation of dynamic property App\Controllers\Member::$pincodeModel is deprecated in APPPATH\Controllers\Member.php on line 18.
 1 SYSTEMPATH\CodeIgniter.php(921): App\Controllers\Member->__construct()
 2 SYSTEMPATH\CodeIgniter.php(488): CodeIgniter\CodeIgniter->createController()
 3 SYSTEMPATH\CodeIgniter.php(340): CodeIgniter\CodeIgniter->handleRequest(null, Object(Config\Cache), false)
 4 SYSTEMPATH\Boot.php(417): CodeIgniter\CodeIgniter->run()
 5 SYSTEMPATH\Boot.php(68): CodeIgniter\Boot::runCodeIgniter(Object(CodeIgniter\CodeIgniter))
 6 FCPATH\index.php(59): CodeIgniter\Boot::bootWeb(Object(Config\Paths))
 7 SYSTEMPATH\rewrite.php(44): require_once('C:\\xampp\\htdocs\\MemberCreation\\public\\index.php')
DEBUG - 2026-02-16 08:40:56 --> Session: Class initialized using 'CodeIgniter\Session\Handlers\FileHandler' driver.
WARNING - 2026-02-16 08:40:56 --> [DEPRECATED] Creation of dynamic property App\Controllers\Member::$pincodeModel is deprecated in APPPATH\Controllers\Member.php on line 18.
 1 SYSTEMPATH\CodeIgniter.php(921): App\Controllers\Member->__construct()
 2 SYSTEMPATH\CodeIgniter.php(488): CodeIgniter\CodeIgniter->createController()
 3 SYSTEMPATH\CodeIgniter.php(340): CodeIgniter\CodeIgniter->handleRequest(null, Object(Config\Cache), false)
 4 SYSTEMPATH\Boot.php(417): CodeIgniter\CodeIgniter->run()
 5 SYSTEMPATH\Boot.php(68): CodeIgniter\Boot::runCodeIgniter(Object(CodeIgniter\CodeIgniter))
 6 FCPATH\index.php(59): CodeIgniter\Boot::bootWeb(Object(Config\Paths))
 7 SYSTEMPATH\rewrite.php(44): require_once('C:\\xampp\\htdocs\\MemberCreation\\public\\index.php')
DEBUG - 2026-02-16 08:41:03 --> Session: Class initialized using 'CodeIgniter\Session\Handlers\FileHandler' driver.
WARNING - 2026-02-16 08:41:03 --> [DEPRECATED] Creation of dynamic property App\Controllers\Member::$pincodeModel is deprecated in APPPATH\Controllers\Member.php on line 18.
 1 SYSTEMPATH\CodeIgniter.php(921): App\Controllers\Member->__construct()
 2 SYSTEMPATH\CodeIgniter.php(488): CodeIgniter\CodeIgniter->createController()
 3 SYSTEMPATH\CodeIgniter.php(340): CodeIgniter\CodeIgniter->handleRequest(null, Object(Config\Cache), false)
 4 SYSTEMPATH\Boot.php(417): CodeIgniter\CodeIgniter->run()
 5 SYSTEMPATH\Boot.php(68): CodeIgniter\Boot::runCodeIgniter(Object(CodeIgniter\CodeIgniter))
 6 FCPATH\index.php(59): CodeIgniter\Boot::bootWeb(Object(Config\Paths))
 7 SYSTEMPATH\rewrite.php(44): require_once('C:\\xampp\\htdocs\\MemberCreation\\public\\index.php')
DEBUG - 2026-02-16 08:41:22 --> Session: Class initialized using 'CodeIgniter\Session\Handlers\FileHandler' driver.
WARNING - 2026-02-16 08:41:22 --> [DEPRECATED] Creation of dynamic property App\Controllers\Member::$pincodeModel is deprecated in APPPATH\Controllers\Member.php on line 18.
 1 SYSTEMPATH\CodeIgniter.php(921): App\Controllers\Member->__construct()
 2 SYSTEMPATH\CodeIgniter.php(488): CodeIgniter\CodeIgniter->createController()
 3 SYSTEMPATH\CodeIgniter.php(340): CodeIgniter\CodeIgniter->handleRequest(null, Object(Config\Cache), false)
 4 SYSTEMPATH\Boot.php(417): CodeIgniter\CodeIgniter->run()
 5 SYSTEMPATH\Boot.php(68): CodeIgniter\Boot::runCodeIgniter(Object(CodeIgniter\CodeIgniter))
 6 FCPATH\index.php(59): CodeIgniter\Boot::bootWeb(Object(Config\Paths))
 7 SYSTEMPATH\rewrite.php(44): require_once('C:\\xampp\\htdocs\\MemberCreation\\public\\index.php')
DEBUG - 2026-02-16 08:41:27 --> Session: Class initialized using 'CodeIgniter\Session\Handlers\FileHandler' driver.
WARNING - 2026-02-16 08:41:27 --> [DEPRECATED] Creation of dynamic property App\Controllers\Member::$pincodeModel is deprecated in APPPATH\Controllers\Member.php on line 18.
 1 SYSTEMPATH\CodeIgniter.php(921): App\Controllers\Member->__construct()
 2 SYSTEMPATH\CodeIgniter.php(488): CodeIgniter\CodeIgniter->createController()
 3 SYSTEMPATH\CodeIgniter.php(340): CodeIgniter\CodeIgniter->handleRequest(null, Object(Config\Cache), false)
 4 SYSTEMPATH\Boot.php(417): CodeIgniter\CodeIgniter->run()
 5 SYSTEMPATH\Boot.php(68): CodeIgniter\Boot::runCodeIgniter(Object(CodeIgniter\CodeIgniter))
 6 FCPATH\index.php(59): CodeIgniter\Boot::bootWeb(Object(Config\Paths))
 7 SYSTEMPATH\rewrite.php(44): require_once('C:\\xampp\\htdocs\\MemberCreation\\public\\index.php')
DEBUG - 2026-02-16 08:41:29 --> Session: Class initialized using 'CodeIgniter\Session\Handlers\FileHandler' driver.
WARNING - 2026-02-16 08:41:29 --> [DEPRECATED] Creation of dynamic property App\Controllers\Member::$pincodeModel is deprecated in APPPATH\Controllers\Member.php on line 18.
 1 SYSTEMPATH\CodeIgniter.php(921): App\Controllers\Member->__construct()
 2 SYSTEMPATH\CodeIgniter.php(488): CodeIgniter\CodeIgniter->createController()
 3 SYSTEMPATH\CodeIgniter.php(340): CodeIgniter\CodeIgniter->handleRequest(null, Object(Config\Cache), false)
 4 SYSTEMPATH\Boot.php(417): CodeIgniter\CodeIgniter->run()
 5 SYSTEMPATH\Boot.php(68): CodeIgniter\Boot::runCodeIgniter(Object(CodeIgniter\CodeIgniter))
 6 FCPATH\index.php(59): CodeIgniter\Boot::bootWeb(Object(Config\Paths))
 7 SYSTEMPATH\rewrite.php(44): require_once('C:\\xampp\\htdocs\\MemberCreation\\public\\index.php')
DEBUG - 2026-02-16 08:41:38 --> Session: Class initialized using 'CodeIgniter\Session\Handlers\FileHandler' driver.
WARNING - 2026-02-16 08:41:38 --> [DEPRECATED] Creation of dynamic property App\Controllers\Member::$pincodeModel is deprecated in APPPATH\Controllers\Member.php on line 18.
 1 SYSTEMPATH\CodeIgniter.php(921): App\Controllers\Member->__construct()
 2 SYSTEMPATH\CodeIgniter.php(488): CodeIgniter\CodeIgniter->createController()
 3 SYSTEMPATH\CodeIgniter.php(340): CodeIgniter\CodeIgniter->handleRequest(null, Object(Config\Cache), false)
 4 SYSTEMPATH\Boot.php(417): CodeIgniter\CodeIgniter->run()
 5 SYSTEMPATH\Boot.php(68): CodeIgniter\Boot::runCodeIgniter(Object(CodeIgniter\CodeIgniter))
 6 FCPATH\index.php(59): CodeIgniter\Boot::bootWeb(Object(Config\Paths))
 7 SYSTEMPATH\rewrite.php(44): require_once('C:\\xampp\\htdocs\\MemberCreation\\public\\index.php')
DEBUG - 2026-02-16 08:41:56 --> Session: Class initialized using 'CodeIgniter\Session\Handlers\FileHandler' driver.
WARNING - 2026-02-16 08:41:56 --> [DEPRECATED] Creation of dynamic property App\Controllers\Member::$pincodeModel is deprecated in APPPATH\Controllers\Member.php on line 18.
 1 SYSTEMPATH\CodeIgniter.php(921): App\Controllers\Member->__construct()
 2 SYSTEMPATH\CodeIgniter.php(488): CodeIgniter\CodeIgniter->createController()
 3 SYSTEMPATH\CodeIgniter.php(340): CodeIgniter\CodeIgniter->handleRequest(null, Object(Config\Cache), false)
 4 SYSTEMPATH\Boot.php(417): CodeIgniter\CodeIgniter->run()
 5 SYSTEMPATH\Boot.php(68): CodeIgniter\Boot::runCodeIgniter(Object(CodeIgniter\CodeIgniter))
 6 FCPATH\index.php(59): CodeIgniter\Boot::bootWeb(Object(Config\Paths))
 7 SYSTEMPATH\rewrite.php(44): require_once('C:\\xampp\\htdocs\\MemberCreation\\public\\index.php')
DEBUG - 2026-02-16 08:41:58 --> Session: Class initialized using 'CodeIgniter\Session\Handlers\FileHandler' driver.
WARNING - 2026-02-16 08:41:58 --> [DEPRECATED] Creation of dynamic property App\Controllers\Member::$pincodeModel is deprecated in APPPATH\Controllers\Member.php on line 18.
 1 SYSTEMPATH\CodeIgniter.php(921): App\Controllers\Member->__construct()
 2 SYSTEMPATH\CodeIgniter.php(488): CodeIgniter\CodeIgniter->createController()
 3 SYSTEMPATH\CodeIgniter.php(340): CodeIgniter\CodeIgniter->handleRequest(null, Object(Config\Cache), false)
 4 SYSTEMPATH\Boot.php(417): CodeIgniter\CodeIgniter->run()
 5 SYSTEMPATH\Boot.php(68): CodeIgniter\Boot::runCodeIgniter(Object(CodeIgniter\CodeIgniter))
 6 FCPATH\index.php(59): CodeIgniter\Boot::bootWeb(Object(Config\Paths))
 7 SYSTEMPATH\rewrite.php(44): require_once('C:\\xampp\\htdocs\\MemberCreation\\public\\index.php')
DEBUG - 2026-02-16 08:42:21 --> Session: Class initialized using 'CodeIgniter\Session\Handlers\FileHandler' driver.
WARNING - 2026-02-16 08:42:21 --> [DEPRECATED] Creation of dynamic property App\Controllers\Member::$pincodeModel is deprecated in APPPATH\Controllers\Member.php on line 18.
 1 SYSTEMPATH\CodeIgniter.php(921): App\Controllers\Member->__construct()
 2 SYSTEMPATH\CodeIgniter.php(488): CodeIgniter\CodeIgniter->createController()
 3 SYSTEMPATH\CodeIgniter.php(340): CodeIgniter\CodeIgniter->handleRequest(null, Object(Config\Cache), false)
 4 SYSTEMPATH\Boot.php(417): CodeIgniter\CodeIgniter->run()
 5 SYSTEMPATH\Boot.php(68): CodeIgniter\Boot::runCodeIgniter(Object(CodeIgniter\CodeIgniter))
 6 FCPATH\index.php(59): CodeIgniter\Boot::bootWeb(Object(Config\Paths))
 7 SYSTEMPATH\rewrite.php(44): require_once('C:\\xampp\\htdocs\\MemberCreation\\public\\index.php')
DEBUG - 2026-02-16 08:44:01 --> Session: Class initialized using 'CodeIgniter\Session\Handlers\FileHandler' driver.
WARNING - 2026-02-16 08:44:01 --> [DEPRECATED] Creation of dynamic property App\Controllers\Member::$pincodeModel is deprecated in APPPATH\Controllers\Member.php on line 18.
 1 SYSTEMPATH\CodeIgniter.php(921): App\Controllers\Member->__construct()
 2 SYSTEMPATH\CodeIgniter.php(488): CodeIgniter\CodeIgniter->createController()
 3 SYSTEMPATH\CodeIgniter.php(340): CodeIgniter\CodeIgniter->handleRequest(null, Object(Config\Cache), false)
 4 SYSTEMPATH\Boot.php(417): CodeIgniter\CodeIgniter->run()
 5 SYSTEMPATH\Boot.php(68): CodeIgniter\Boot::runCodeIgniter(Object(CodeIgniter\CodeIgniter))
 6 FCPATH\index.php(59): CodeIgniter\Boot::bootWeb(Object(Config\Paths))
 7 SYSTEMPATH\rewrite.php(44): require_once('C:\\xampp\\htdocs\\MemberCreation\\public\\index.php')
DEBUG - 2026-02-16 08:44:10 --> Session: Class initialized using 'CodeIgniter\Session\Handlers\FileHandler' driver.
WARNING - 2026-02-16 08:44:10 --> [DEPRECATED] Creation of dynamic property App\Controllers\Member::$pincodeModel is deprecated in APPPATH\Controllers\Member.php on line 18.
 1 SYSTEMPATH\CodeIgniter.php(921): App\Controllers\Member->__construct()
 2 SYSTEMPATH\CodeIgniter.php(488): CodeIgniter\CodeIgniter->createController()
 3 SYSTEMPATH\CodeIgniter.php(340): CodeIgniter\CodeIgniter->handleRequest(null, Object(Config\Cache), false)
 4 SYSTEMPATH\Boot.php(417): CodeIgniter\CodeIgniter->run()
 5 SYSTEMPATH\Boot.php(68): CodeIgniter\Boot::runCodeIgniter(Object(CodeIgniter\CodeIgniter))
 6 FCPATH\index.php(59): CodeIgniter\Boot::bootWeb(Object(Config\Paths))
 7 SYSTEMPATH\rewrite.php(44): require_once('C:\\xampp\\htdocs\\MemberCreation\\public\\index.php')
DEBUG - 2026-02-16 08:44:22 --> Session: Class initialized using 'CodeIgniter\Session\Handlers\FileHandler' driver.
WARNING - 2026-02-16 08:44:22 --> [DEPRECATED] Creation of dynamic property App\Controllers\Member::$pincodeModel is deprecated in APPPATH\Controllers\Member.php on line 18.
 1 SYSTEMPATH\CodeIgniter.php(921): App\Controllers\Member->__construct()
 2 SYSTEMPATH\CodeIgniter.php(488): CodeIgniter\CodeIgniter->createController()
 3 SYSTEMPATH\CodeIgniter.php(340): CodeIgniter\CodeIgniter->handleRequest(null, Object(Config\Cache), false)
 4 SYSTEMPATH\Boot.php(417): CodeIgniter\CodeIgniter->run()
 5 SYSTEMPATH\Boot.php(68): CodeIgniter\Boot::runCodeIgniter(Object(CodeIgniter\CodeIgniter))
 6 FCPATH\index.php(59): CodeIgniter\Boot::bootWeb(Object(Config\Paths))
 7 SYSTEMPATH\rewrite.php(44): require_once('C:\\xampp\\htdocs\\MemberCreation\\public\\index.php')
DEBUG - 2026-02-16 08:45:39 --> Session: Class initialized using 'CodeIgniter\Session\Handlers\FileHandler' driver.
WARNING - 2026-02-16 08:45:39 --> [DEPRECATED] Creation of dynamic property App\Controllers\Member::$pincodeModel is deprecated in APPPATH\Controllers\Member.php on line 18.
 1 SYSTEMPATH\CodeIgniter.php(921): App\Controllers\Member->__construct()
 2 SYSTEMPATH\CodeIgniter.php(488): CodeIgniter\CodeIgniter->createController()
 3 SYSTEMPATH\CodeIgniter.php(340): CodeIgniter\CodeIgniter->handleRequest(null, Object(Config\Cache), false)
 4 SYSTEMPATH\Boot.php(417): CodeIgniter\CodeIgniter->run()
 5 SYSTEMPATH\Boot.php(68): CodeIgniter\Boot::runCodeIgniter(Object(CodeIgniter\CodeIgniter))
 6 FCPATH\index.php(59): CodeIgniter\Boot::bootWeb(Object(Config\Paths))
 7 SYSTEMPATH\rewrite.php(44): require_once('C:\\xampp\\htdocs\\MemberCreation\\public\\index.php')
DEBUG - 2026-02-16 08:45:41 --> Session: Class initialized using 'CodeIgniter\Session\Handlers\FileHandler' driver.
WARNING - 2026-02-16 08:45:41 --> [DEPRECATED] Creation of dynamic property App\Controllers\Member::$pincodeModel is deprecated in APPPATH\Controllers\Member.php on line 18.
 1 SYSTEMPATH\CodeIgniter.php(921): App\Controllers\Member->__construct()
 2 SYSTEMPATH\CodeIgniter.php(488): CodeIgniter\CodeIgniter->createController()
 3 SYSTEMPATH\CodeIgniter.php(340): CodeIgniter\CodeIgniter->handleRequest(null, Object(Config\Cache), false)
 4 SYSTEMPATH\Boot.php(417): CodeIgniter\CodeIgniter->run()
 5 SYSTEMPATH\Boot.php(68): CodeIgniter\Boot::runCodeIgniter(Object(CodeIgniter\CodeIgniter))
 6 FCPATH\index.php(59): CodeIgniter\Boot::bootWeb(Object(Config\Paths))
 7 SYSTEMPATH\rewrite.php(44): require_once('C:\\xampp\\htdocs\\MemberCreation\\public\\index.php')
DEBUG - 2026-02-16 08:45:48 --> Session: Class initialized using 'CodeIgniter\Session\Handlers\FileHandler' driver.
WARNING - 2026-02-16 08:45:48 --> [DEPRECATED] Creation of dynamic property App\Controllers\Member::$pincodeModel is deprecated in APPPATH\Controllers\Member.php on line 18.
 1 SYSTEMPATH\CodeIgniter.php(921): App\Controllers\Member->__construct()
 2 SYSTEMPATH\CodeIgniter.php(488): CodeIgniter\CodeIgniter->createController()
 3 SYSTEMPATH\CodeIgniter.php(340): CodeIgniter\CodeIgniter->handleRequest(null, Object(Config\Cache), false)
 4 SYSTEMPATH\Boot.php(417): CodeIgniter\CodeIgniter->run()
 5 SYSTEMPATH\Boot.php(68): CodeIgniter\Boot::runCodeIgniter(Object(CodeIgniter\CodeIgniter))
 6 FCPATH\index.php(59): CodeIgniter\Boot::bootWeb(Object(Config\Paths))
 7 SYSTEMPATH\rewrite.php(44): require_once('C:\\xampp\\htdocs\\MemberCreation\\public\\index.php')
DEBUG - 2026-02-16 08:45:55 --> Session: Class initialized using 'CodeIgniter\Session\Handlers\FileHandler' driver.
WARNING - 2026-02-16 08:45:55 --> [DEPRECATED] Creation of dynamic property App\Controllers\Member::$pincodeModel is deprecated in APPPATH\Controllers\Member.php on line 18.
 1 SYSTEMPATH\CodeIgniter.php(921): App\Controllers\Member->__construct()
 2 SYSTEMPATH\CodeIgniter.php(488): CodeIgniter\CodeIgniter->createController()
 3 SYSTEMPATH\CodeIgniter.php(340): CodeIgniter\CodeIgniter->handleRequest(null, Object(Config\Cache), false)
 4 SYSTEMPATH\Boot.php(417): CodeIgniter\CodeIgniter->run()
 5 SYSTEMPATH\Boot.php(68): CodeIgniter\Boot::runCodeIgniter(Object(CodeIgniter\CodeIgniter))
 6 FCPATH\index.php(59): CodeIgniter\Boot::bootWeb(Object(Config\Paths))
 7 SYSTEMPATH\rewrite.php(44): require_once('C:\\xampp\\htdocs\\MemberCreation\\public\\index.php')
DEBUG - 2026-02-16 08:45:55 --> Session: Class initialized using 'CodeIgniter\Session\Handlers\FileHandler' driver.
WARNING - 2026-02-16 08:45:55 --> [DEPRECATED] Creation of dynamic property App\Controllers\Member::$pincodeModel is deprecated in APPPATH\Controllers\Member.php on line 18.
 1 SYSTEMPATH\CodeIgniter.php(921): App\Controllers\Member->__construct()
 2 SYSTEMPATH\CodeIgniter.php(488): CodeIgniter\CodeIgniter->createController()
 3 SYSTEMPATH\CodeIgniter.php(340): CodeIgniter\CodeIgniter->handleRequest(null, Object(Config\Cache), false)
 4 SYSTEMPATH\Boot.php(417): CodeIgniter\CodeIgniter->run()
 5 SYSTEMPATH\Boot.php(68): CodeIgniter\Boot::runCodeIgniter(Object(CodeIgniter\CodeIgniter))
 6 FCPATH\index.php(59): CodeIgniter\Boot::bootWeb(Object(Config\Paths))
 7 SYSTEMPATH\rewrite.php(44): require_once('C:\\xampp\\htdocs\\MemberCreation\\public\\index.php')
DEBUG - 2026-02-16 08:45:55 --> Session: Class initialized using 'CodeIgniter\Session\Handlers\FileHandler' driver.
WARNING - 2026-02-16 08:45:55 --> [DEPRECATED] Creation of dynamic property App\Controllers\Member::$pincodeModel is deprecated in APPPATH\Controllers\Member.php on line 18.
 1 SYSTEMPATH\CodeIgniter.php(921): App\Controllers\Member->__construct()
 2 SYSTEMPATH\CodeIgniter.php(488): CodeIgniter\CodeIgniter->createController()
 3 SYSTEMPATH\CodeIgniter.php(340): CodeIgniter\CodeIgniter->handleRequest(null, Object(Config\Cache), false)
 4 SYSTEMPATH\Boot.php(417): CodeIgniter\CodeIgniter->run()
 5 SYSTEMPATH\Boot.php(68): CodeIgniter\Boot::runCodeIgniter(Object(CodeIgniter\CodeIgniter))
 6 FCPATH\index.php(59): CodeIgniter\Boot::bootWeb(Object(Config\Paths))
 7 SYSTEMPATH\rewrite.php(44): require_once('C:\\xampp\\htdocs\\MemberCreation\\public\\index.php')
DEBUG - 2026-02-16 08:45:56 --> Session: Class initialized using 'CodeIgniter\Session\Handlers\FileHandler' driver.
WARNING - 2026-02-16 08:45:56 --> [DEPRECATED] Creation of dynamic property App\Controllers\Member::$pincodeModel is deprecated in APPPATH\Controllers\Member.php on line 18.
 1 SYSTEMPATH\CodeIgniter.php(921): App\Controllers\Member->__construct()
 2 SYSTEMPATH\CodeIgniter.php(488): CodeIgniter\CodeIgniter->createController()
 3 SYSTEMPATH\CodeIgniter.php(340): CodeIgniter\CodeIgniter->handleRequest(null, Object(Config\Cache), false)
 4 SYSTEMPATH\Boot.php(417): CodeIgniter\CodeIgniter->run()
 5 SYSTEMPATH\Boot.php(68): CodeIgniter\Boot::runCodeIgniter(Object(CodeIgniter\CodeIgniter))
 6 FCPATH\index.php(59): CodeIgniter\Boot::bootWeb(Object(Config\Paths))
 7 SYSTEMPATH\rewrite.php(44): require_once('C:\\xampp\\htdocs\\MemberCreation\\public\\index.php')
DEBUG - 2026-02-16 08:45:56 --> Session: Class initialized using 'CodeIgniter\Session\Handlers\FileHandler' driver.
WARNING - 2026-02-16 08:45:56 --> [DEPRECATED] Creation of dynamic property App\Controllers\Member::$pincodeModel is deprecated in APPPATH\Controllers\Member.php on line 18.
 1 SYSTEMPATH\CodeIgniter.php(921): App\Controllers\Member->__construct()
 2 SYSTEMPATH\CodeIgniter.php(488): CodeIgniter\CodeIgniter->createController()
 3 SYSTEMPATH\CodeIgniter.php(340): CodeIgniter\CodeIgniter->handleRequest(null, Object(Config\Cache), false)
 4 SYSTEMPATH\Boot.php(417): CodeIgniter\CodeIgniter->run()
 5 SYSTEMPATH\Boot.php(68): CodeIgniter\Boot::runCodeIgniter(Object(CodeIgniter\CodeIgniter))
 6 FCPATH\index.php(59): CodeIgniter\Boot::bootWeb(Object(Config\Paths))
 7 SYSTEMPATH\rewrite.php(44): require_once('C:\\xampp\\htdocs\\MemberCreation\\public\\index.php')
DEBUG - 2026-02-16 09:14:54 --> Session: Class initialized using 'CodeIgniter\Session\Handlers\FileHandler' driver.
WARNING - 2026-02-16 09:14:54 --> [DEPRECATED] Creation of dynamic property App\Controllers\Member::$pincodeModel is deprecated in APPPATH\Controllers\Member.php on line 18.
 1 SYSTEMPATH\CodeIgniter.php(921): App\Controllers\Member->__construct()
 2 SYSTEMPATH\CodeIgniter.php(488): CodeIgniter\CodeIgniter->createController()
 3 SYSTEMPATH\CodeIgniter.php(340): CodeIgniter\CodeIgniter->handleRequest(null, Object(Config\Cache), false)
 4 SYSTEMPATH\Boot.php(417): CodeIgniter\CodeIgniter->run()
 5 SYSTEMPATH\Boot.php(68): CodeIgniter\Boot::runCodeIgniter(Object(CodeIgniter\CodeIgniter))
 6 FCPATH\index.php(59): CodeIgniter\Boot::bootWeb(Object(Config\Paths))
 7 SYSTEMPATH\rewrite.php(44): require_once('C:\\xampp\\htdocs\\MemberCreation\\public\\index.php')
DEBUG - 2026-02-16 09:15:00 --> Session: Class initialized using 'CodeIgniter\Session\Handlers\FileHandler' driver.
WARNING - 2026-02-16 09:15:00 --> [DEPRECATED] Creation of dynamic property App\Controllers\Member::$pincodeModel is deprecated in APPPATH\Controllers\Member.php on line 18.
 1 SYSTEMPATH\CodeIgniter.php(921): App\Controllers\Member->__construct()
 2 SYSTEMPATH\CodeIgniter.php(488): CodeIgniter\CodeIgniter->createController()
 3 SYSTEMPATH\CodeIgniter.php(340): CodeIgniter\CodeIgniter->handleRequest(null, Object(Config\Cache), false)
 4 SYSTEMPATH\Boot.php(417): CodeIgniter\CodeIgniter->run()
 5 SYSTEMPATH\Boot.php(68): CodeIgniter\Boot::runCodeIgniter(Object(CodeIgniter\CodeIgniter))
 6 FCPATH\index.php(59): CodeIgniter\Boot::bootWeb(Object(Config\Paths))
 7 SYSTEMPATH\rewrite.php(44): require_once('C:\\xampp\\htdocs\\MemberCreation\\public\\index.php')
DEBUG - 2026-02-16 09:15:20 --> Session: Class initialized using 'CodeIgniter\Session\Handlers\FileHandler' driver.
WARNING - 2026-02-16 09:15:20 --> [DEPRECATED] Creation of dynamic property App\Controllers\Member::$pincodeModel is deprecated in APPPATH\Controllers\Member.php on line 18.
 1 SYSTEMPATH\CodeIgniter.php(921): App\Controllers\Member->__construct()
 2 SYSTEMPATH\CodeIgniter.php(488): CodeIgniter\CodeIgniter->createController()
 3 SYSTEMPATH\CodeIgniter.php(340): CodeIgniter\CodeIgniter->handleRequest(null, Object(Config\Cache), false)
 4 SYSTEMPATH\Boot.php(417): CodeIgniter\CodeIgniter->run()
 5 SYSTEMPATH\Boot.php(68): CodeIgniter\Boot::runCodeIgniter(Object(CodeIgniter\CodeIgniter))
 6 FCPATH\index.php(59): CodeIgniter\Boot::bootWeb(Object(Config\Paths))
 7 SYSTEMPATH\rewrite.php(44): require_once('C:\\xampp\\htdocs\\MemberCreation\\public\\index.php')
DEBUG - 2026-02-16 09:15:43 --> Session: Class initialized using 'CodeIgniter\Session\Handlers\FileHandler' driver.
WARNING - 2026-02-16 09:15:43 --> [DEPRECATED] Creation of dynamic property App\Controllers\Member::$pincodeModel is deprecated in APPPATH\Controllers\Member.php on line 18.
 1 SYSTEMPATH\CodeIgniter.php(921): App\Controllers\Member->__construct()
 2 SYSTEMPATH\CodeIgniter.php(488): CodeIgniter\CodeIgniter->createController()
 3 SYSTEMPATH\CodeIgniter.php(340): CodeIgniter\CodeIgniter->handleRequest(null, Object(Config\Cache), false)
 4 SYSTEMPATH\Boot.php(417): CodeIgniter\CodeIgniter->run()
 5 SYSTEMPATH\Boot.php(68): CodeIgniter\Boot::runCodeIgniter(Object(CodeIgniter\CodeIgniter))
 6 FCPATH\index.php(59): CodeIgniter\Boot::bootWeb(Object(Config\Paths))
 7 SYSTEMPATH\rewrite.php(44): require_once('C:\\xampp\\htdocs\\MemberCreation\\public\\index.php')
DEBUG - 2026-02-16 09:15:44 --> Session: Class initialized using 'CodeIgniter\Session\Handlers\FileHandler' driver.
WARNING - 2026-02-16 09:15:44 --> [DEPRECATED] Creation of dynamic property App\Controllers\Member::$pincodeModel is deprecated in APPPATH\Controllers\Member.php on line 18.
 1 SYSTEMPATH\CodeIgniter.php(921): App\Controllers\Member->__construct()
 2 SYSTEMPATH\CodeIgniter.php(488): CodeIgniter\CodeIgniter->createController()
 3 SYSTEMPATH\CodeIgniter.php(340): CodeIgniter\CodeIgniter->handleRequest(null, Object(Config\Cache), false)
 4 SYSTEMPATH\Boot.php(417): CodeIgniter\CodeIgniter->run()
 5 SYSTEMPATH\Boot.php(68): CodeIgniter\Boot::runCodeIgniter(Object(CodeIgniter\CodeIgniter))
 6 FCPATH\index.php(59): CodeIgniter\Boot::bootWeb(Object(Config\Paths))
 7 SYSTEMPATH\rewrite.php(44): require_once('C:\\xampp\\htdocs\\MemberCreation\\public\\index.php')
DEBUG - 2026-02-16 09:15:51 --> Session: Class initialized using 'CodeIgniter\Session\Handlers\FileHandler' driver.
WARNING - 2026-02-16 09:15:51 --> [DEPRECATED] Creation of dynamic property App\Controllers\Member::$pincodeModel is deprecated in APPPATH\Controllers\Member.php on line 18.
 1 SYSTEMPATH\CodeIgniter.php(921): App\Controllers\Member->__construct()
 2 SYSTEMPATH\CodeIgniter.php(488): CodeIgniter\CodeIgniter->createController()
 3 SYSTEMPATH\CodeIgniter.php(340): CodeIgniter\CodeIgniter->handleRequest(null, Object(Config\Cache), false)
 4 SYSTEMPATH\Boot.php(417): CodeIgniter\CodeIgniter->run()
 5 SYSTEMPATH\Boot.php(68): CodeIgniter\Boot::runCodeIgniter(Object(CodeIgniter\CodeIgniter))
 6 FCPATH\index.php(59): CodeIgniter\Boot::bootWeb(Object(Config\Paths))
 7 SYSTEMPATH\rewrite.php(44): require_once('C:\\xampp\\htdocs\\MemberCreation\\public\\index.php')
DEBUG - 2026-02-16 09:15:52 --> Session: Class initialized using 'CodeIgniter\Session\Handlers\FileHandler' driver.
WARNING - 2026-02-16 09:15:52 --> [DEPRECATED] Creation of dynamic property App\Controllers\Member::$pincodeModel is deprecated in APPPATH\Controllers\Member.php on line 18.
 1 SYSTEMPATH\CodeIgniter.php(921): App\Controllers\Member->__construct()
 2 SYSTEMPATH\CodeIgniter.php(488): CodeIgniter\CodeIgniter->createController()
 3 SYSTEMPATH\CodeIgniter.php(340): CodeIgniter\CodeIgniter->handleRequest(null, Object(Config\Cache), false)
 4 SYSTEMPATH\Boot.php(417): CodeIgniter\CodeIgniter->run()
 5 SYSTEMPATH\Boot.php(68): CodeIgniter\Boot::runCodeIgniter(Object(CodeIgniter\CodeIgniter))
 6 FCPATH\index.php(59): CodeIgniter\Boot::bootWeb(Object(Config\Paths))
 7 SYSTEMPATH\rewrite.php(44): require_once('C:\\xampp\\htdocs\\MemberCreation\\public\\index.php')
DEBUG - 2026-02-16 09:16:04 --> Session: Class initialized using 'CodeIgniter\Session\Handlers\FileHandler' driver.
WARNING - 2026-02-16 09:16:04 --> [DEPRECATED] Creation of dynamic property App\Controllers\Member::$pincodeModel is deprecated in APPPATH\Controllers\Member.php on line 18.
 1 SYSTEMPATH\CodeIgniter.php(921): App\Controllers\Member->__construct()
 2 SYSTEMPATH\CodeIgniter.php(488): CodeIgniter\CodeIgniter->createController()
 3 SYSTEMPATH\CodeIgniter.php(340): CodeIgniter\CodeIgniter->handleRequest(null, Object(Config\Cache), false)
 4 SYSTEMPATH\Boot.php(417): CodeIgniter\CodeIgniter->run()
 5 SYSTEMPATH\Boot.php(68): CodeIgniter\Boot::runCodeIgniter(Object(CodeIgniter\CodeIgniter))
 6 FCPATH\index.php(59): CodeIgniter\Boot::bootWeb(Object(Config\Paths))
 7 SYSTEMPATH\rewrite.php(44): require_once('C:\\xampp\\htdocs\\MemberCreation\\public\\index.php')
DEBUG - 2026-02-16 09:17:15 --> Session: Class initialized using 'CodeIgniter\Session\Handlers\FileHandler' driver.
WARNING - 2026-02-16 09:17:15 --> [DEPRECATED] Creation of dynamic property App\Controllers\Member::$pincodeModel is deprecated in APPPATH\Controllers\Member.php on line 18.
 1 SYSTEMPATH\CodeIgniter.php(921): App\Controllers\Member->__construct()
 2 SYSTEMPATH\CodeIgniter.php(488): CodeIgniter\CodeIgniter->createController()
 3 SYSTEMPATH\CodeIgniter.php(340): CodeIgniter\CodeIgniter->handleRequest(null, Object(Config\Cache), false)
 4 SYSTEMPATH\Boot.php(417): CodeIgniter\CodeIgniter->run()
 5 SYSTEMPATH\Boot.php(68): CodeIgniter\Boot::runCodeIgniter(Object(CodeIgniter\CodeIgniter))
 6 FCPATH\index.php(59): CodeIgniter\Boot::bootWeb(Object(Config\Paths))
 7 SYSTEMPATH\rewrite.php(44): require_once('C:\\xampp\\htdocs\\MemberCreation\\public\\index.php')
DEBUG - 2026-02-16 09:17:18 --> Session: Class initialized using 'CodeIgniter\Session\Handlers\FileHandler' driver.
WARNING - 2026-02-16 09:17:18 --> [DEPRECATED] Creation of dynamic property App\Controllers\Member::$pincodeModel is deprecated in APPPATH\Controllers\Member.php on line 18.
 1 SYSTEMPATH\CodeIgniter.php(921): App\Controllers\Member->__construct()
 2 SYSTEMPATH\CodeIgniter.php(488): CodeIgniter\CodeIgniter->createController()
 3 SYSTEMPATH\CodeIgniter.php(340): CodeIgniter\CodeIgniter->handleRequest(null, Object(Config\Cache), false)
 4 SYSTEMPATH\Boot.php(417): CodeIgniter\CodeIgniter->run()
 5 SYSTEMPATH\Boot.php(68): CodeIgniter\Boot::runCodeIgniter(Object(CodeIgniter\CodeIgniter))
 6 FCPATH\index.php(59): CodeIgniter\Boot::bootWeb(Object(Config\Paths))
 7 SYSTEMPATH\rewrite.php(44): require_once('C:\\xampp\\htdocs\\MemberCreation\\public\\index.php')
DEBUG - 2026-02-16 09:17:20 --> Session: Class initialized using 'CodeIgniter\Session\Handlers\FileHandler' driver.
WARNING - 2026-02-16 09:17:20 --> [DEPRECATED] Creation of dynamic property App\Controllers\Member::$pincodeModel is deprecated in APPPATH\Controllers\Member.php on line 18.
 1 SYSTEMPATH\CodeIgniter.php(921): App\Controllers\Member->__construct()
 2 SYSTEMPATH\CodeIgniter.php(488): CodeIgniter\CodeIgniter->createController()
 3 SYSTEMPATH\CodeIgniter.php(340): CodeIgniter\CodeIgniter->handleRequest(null, Object(Config\Cache), false)
 4 SYSTEMPATH\Boot.php(417): CodeIgniter\CodeIgniter->run()
 5 SYSTEMPATH\Boot.php(68): CodeIgniter\Boot::runCodeIgniter(Object(CodeIgniter\CodeIgniter))
 6 FCPATH\index.php(59): CodeIgniter\Boot::bootWeb(Object(Config\Paths))
 7 SYSTEMPATH\rewrite.php(44): require_once('C:\\xampp\\htdocs\\MemberCreation\\public\\index.php')
DEBUG - 2026-02-16 09:20:37 --> Session: Class initialized using 'CodeIgniter\Session\Handlers\FileHandler' driver.
WARNING - 2026-02-16 09:20:37 --> [DEPRECATED] Creation of dynamic property App\Controllers\Member::$pincodeModel is deprecated in APPPATH\Controllers\Member.php on line 18.
 1 SYSTEMPATH\CodeIgniter.php(921): App\Controllers\Member->__construct()
 2 SYSTEMPATH\CodeIgniter.php(488): CodeIgniter\CodeIgniter->createController()
 3 SYSTEMPATH\CodeIgniter.php(340): CodeIgniter\CodeIgniter->handleRequest(null, Object(Config\Cache), false)
 4 SYSTEMPATH\Boot.php(417): CodeIgniter\CodeIgniter->run()
 5 SYSTEMPATH\Boot.php(68): CodeIgniter\Boot::runCodeIgniter(Object(CodeIgniter\CodeIgniter))
 6 FCPATH\index.php(59): CodeIgniter\Boot::bootWeb(Object(Config\Paths))
 7 SYSTEMPATH\rewrite.php(44): require_once('C:\\xampp\\htdocs\\MemberCreation\\public\\index.php')
DEBUG - 2026-02-16 09:20:39 --> Session: Class initialized using 'CodeIgniter\Session\Handlers\FileHandler' driver.
WARNING - 2026-02-16 09:20:39 --> [DEPRECATED] Creation of dynamic property App\Controllers\Member::$pincodeModel is deprecated in APPPATH\Controllers\Member.php on line 18.
 1 SYSTEMPATH\CodeIgniter.php(921): App\Controllers\Member->__construct()
 2 SYSTEMPATH\CodeIgniter.php(488): CodeIgniter\CodeIgniter->createController()
 3 SYSTEMPATH\CodeIgniter.php(340): CodeIgniter\CodeIgniter->handleRequest(null, Object(Config\Cache), false)
 4 SYSTEMPATH\Boot.php(417): CodeIgniter\CodeIgniter->run()
 5 SYSTEMPATH\Boot.php(68): CodeIgniter\Boot::runCodeIgniter(Object(CodeIgniter\CodeIgniter))
 6 FCPATH\index.php(59): CodeIgniter\Boot::bootWeb(Object(Config\Paths))
 7 SYSTEMPATH\rewrite.php(44): require_once('C:\\xampp\\htdocs\\MemberCreation\\public\\index.php')
DEBUG - 2026-02-16 09:25:23 --> Session: Class initialized using 'CodeIgniter\Session\Handlers\FileHandler' driver.
WARNING - 2026-02-16 09:25:23 --> [DEPRECATED] Creation of dynamic property App\Controllers\Member::$pincodeModel is deprecated in APPPATH\Controllers\Member.php on line 18.
 1 SYSTEMPATH\CodeIgniter.php(921): App\Controllers\Member->__construct()
 2 SYSTEMPATH\CodeIgniter.php(488): CodeIgniter\CodeIgniter->createController()
 3 SYSTEMPATH\CodeIgniter.php(340): CodeIgniter\CodeIgniter->handleRequest(null, Object(Config\Cache), false)
 4 SYSTEMPATH\Boot.php(417): CodeIgniter\CodeIgniter->run()
 5 SYSTEMPATH\Boot.php(68): CodeIgniter\Boot::runCodeIgniter(Object(CodeIgniter\CodeIgniter))
 6 FCPATH\index.php(59): CodeIgniter\Boot::bootWeb(Object(Config\Paths))
 7 SYSTEMPATH\rewrite.php(44): require_once('C:\\xampp\\htdocs\\MemberCreation\\public\\index.php')
DEBUG - 2026-02-16 09:25:28 --> Session: Class initialized using 'CodeIgniter\Session\Handlers\FileHandler' driver.
WARNING - 2026-02-16 09:25:28 --> [DEPRECATED] Creation of dynamic property App\Controllers\Member::$pincodeModel is deprecated in APPPATH\Controllers\Member.php on line 18.
 1 SYSTEMPATH\CodeIgniter.php(921): App\Controllers\Member->__construct()
 2 SYSTEMPATH\CodeIgniter.php(488): CodeIgniter\CodeIgniter->createController()
 3 SYSTEMPATH\CodeIgniter.php(340): CodeIgniter\CodeIgniter->handleRequest(null, Object(Config\Cache), false)
 4 SYSTEMPATH\Boot.php(417): CodeIgniter\CodeIgniter->run()
 5 SYSTEMPATH\Boot.php(68): CodeIgniter\Boot::runCodeIgniter(Object(CodeIgniter\CodeIgniter))
 6 FCPATH\index.php(59): CodeIgniter\Boot::bootWeb(Object(Config\Paths))
 7 SYSTEMPATH\rewrite.php(44): require_once('C:\\xampp\\htdocs\\MemberCreation\\public\\index.php')
DEBUG - 2026-02-16 09:25:29 --> Session: Class initialized using 'CodeIgniter\Session\Handlers\FileHandler' driver.
WARNING - 2026-02-16 09:25:29 --> [DEPRECATED] Creation of dynamic property App\Controllers\Member::$pincodeModel is deprecated in APPPATH\Controllers\Member.php on line 18.
 1 SYSTEMPATH\CodeIgniter.php(921): App\Controllers\Member->__construct()
 2 SYSTEMPATH\CodeIgniter.php(488): CodeIgniter\CodeIgniter->createController()
 3 SYSTEMPATH\CodeIgniter.php(340): CodeIgniter\CodeIgniter->handleRequest(null, Object(Config\Cache), false)
 4 SYSTEMPATH\Boot.php(417): CodeIgniter\CodeIgniter->run()
 5 SYSTEMPATH\Boot.php(68): CodeIgniter\Boot::runCodeIgniter(Object(CodeIgniter\CodeIgniter))
 6 FCPATH\index.php(59): CodeIgniter\Boot::bootWeb(Object(Config\Paths))
 7 SYSTEMPATH\rewrite.php(44): require_once('C:\\xampp\\htdocs\\MemberCreation\\public\\index.php')
DEBUG - 2026-02-16 09:27:15 --> Session: Class initialized using 'CodeIgniter\Session\Handlers\FileHandler' driver.
WARNING - 2026-02-16 09:27:15 --> [DEPRECATED] Creation of dynamic property App\Controllers\Member::$pincodeModel is deprecated in APPPATH\Controllers\Member.php on line 18.
 1 SYSTEMPATH\CodeIgniter.php(921): App\Controllers\Member->__construct()
 2 SYSTEMPATH\CodeIgniter.php(488): CodeIgniter\CodeIgniter->createController()
 3 SYSTEMPATH\CodeIgniter.php(340): CodeIgniter\CodeIgniter->handleRequest(null, Object(Config\Cache), false)
 4 SYSTEMPATH\Boot.php(417): CodeIgniter\CodeIgniter->run()
 5 SYSTEMPATH\Boot.php(68): CodeIgniter\Boot::runCodeIgniter(Object(CodeIgniter\CodeIgniter))
 6 FCPATH\index.php(59): CodeIgniter\Boot::bootWeb(Object(Config\Paths))
 7 SYSTEMPATH\rewrite.php(44): require_once('C:\\xampp\\htdocs\\MemberCreation\\public\\index.php')
DEBUG - 2026-02-16 09:27:21 --> Session: Class initialized using 'CodeIgniter\Session\Handlers\FileHandler' driver.
WARNING - 2026-02-16 09:27:21 --> [DEPRECATED] Creation of dynamic property App\Controllers\Member::$pincodeModel is deprecated in APPPATH\Controllers\Member.php on line 18.
 1 SYSTEMPATH\CodeIgniter.php(921): App\Controllers\Member->__construct()
 2 SYSTEMPATH\CodeIgniter.php(488): CodeIgniter\CodeIgniter->createController()
 3 SYSTEMPATH\CodeIgniter.php(340): CodeIgniter\CodeIgniter->handleRequest(null, Object(Config\Cache), false)
 4 SYSTEMPATH\Boot.php(417): CodeIgniter\CodeIgniter->run()
 5 SYSTEMPATH\Boot.php(68): CodeIgniter\Boot::runCodeIgniter(Object(CodeIgniter\CodeIgniter))
 6 FCPATH\index.php(59): CodeIgniter\Boot::bootWeb(Object(Config\Paths))
 7 SYSTEMPATH\rewrite.php(44): require_once('C:\\xampp\\htdocs\\MemberCreation\\public\\index.php')
DEBUG - 2026-02-16 09:27:22 --> Session: Class initialized using 'CodeIgniter\Session\Handlers\FileHandler' driver.
WARNING - 2026-02-16 09:27:22 --> [DEPRECATED] Creation of dynamic property App\Controllers\Member::$pincodeModel is deprecated in APPPATH\Controllers\Member.php on line 18.
 1 SYSTEMPATH\CodeIgniter.php(921): App\Controllers\Member->__construct()
 2 SYSTEMPATH\CodeIgniter.php(488): CodeIgniter\CodeIgniter->createController()
 3 SYSTEMPATH\CodeIgniter.php(340): CodeIgniter\CodeIgniter->handleRequest(null, Object(Config\Cache), false)
 4 SYSTEMPATH\Boot.php(417): CodeIgniter\CodeIgniter->run()
 5 SYSTEMPATH\Boot.php(68): CodeIgniter\Boot::runCodeIgniter(Object(CodeIgniter\CodeIgniter))
 6 FCPATH\index.php(59): CodeIgniter\Boot::bootWeb(Object(Config\Paths))
 7 SYSTEMPATH\rewrite.php(44): require_once('C:\\xampp\\htdocs\\MemberCreation\\public\\index.php')
DEBUG - 2026-02-16 09:27:45 --> Session: Class initialized using 'CodeIgniter\Session\Handlers\FileHandler' driver.
WARNING - 2026-02-16 09:27:45 --> [DEPRECATED] Creation of dynamic property App\Controllers\Member::$pincodeModel is deprecated in APPPATH\Controllers\Member.php on line 18.
 1 SYSTEMPATH\CodeIgniter.php(921): App\Controllers\Member->__construct()
 2 SYSTEMPATH\CodeIgniter.php(488): CodeIgniter\CodeIgniter->createController()
 3 SYSTEMPATH\CodeIgniter.php(340): CodeIgniter\CodeIgniter->handleRequest(null, Object(Config\Cache), false)
 4 SYSTEMPATH\Boot.php(417): CodeIgniter\CodeIgniter->run()
 5 SYSTEMPATH\Boot.php(68): CodeIgniter\Boot::runCodeIgniter(Object(CodeIgniter\CodeIgniter))
 6 FCPATH\index.php(59): CodeIgniter\Boot::bootWeb(Object(Config\Paths))
 7 SYSTEMPATH\rewrite.php(44): require_once('C:\\xampp\\htdocs\\MemberCreation\\public\\index.php')
DEBUG - 2026-02-16 09:32:08 --> Session: Class initialized using 'CodeIgniter\Session\Handlers\FileHandler' driver.
WARNING - 2026-02-16 09:32:08 --> [DEPRECATED] Creation of dynamic property App\Controllers\Member::$pincodeModel is deprecated in APPPATH\Controllers\Member.php on line 18.
 1 SYSTEMPATH\CodeIgniter.php(921): App\Controllers\Member->__construct()
 2 SYSTEMPATH\CodeIgniter.php(488): CodeIgniter\CodeIgniter->createController()
 3 SYSTEMPATH\CodeIgniter.php(340): CodeIgniter\CodeIgniter->handleRequest(null, Object(Config\Cache), false)
 4 SYSTEMPATH\Boot.php(417): CodeIgniter\CodeIgniter->run()
 5 SYSTEMPATH\Boot.php(68): CodeIgniter\Boot::runCodeIgniter(Object(CodeIgniter\CodeIgniter))
 6 FCPATH\index.php(59): CodeIgniter\Boot::bootWeb(Object(Config\Paths))
 7 SYSTEMPATH\rewrite.php(44): require_once('C:\\xampp\\htdocs\\MemberCreation\\public\\index.php')
DEBUG - 2026-02-16 09:32:10 --> Session: Class initialized using 'CodeIgniter\Session\Handlers\FileHandler' driver.
WARNING - 2026-02-16 09:32:10 --> [DEPRECATED] Creation of dynamic property App\Controllers\Member::$pincodeModel is deprecated in APPPATH\Controllers\Member.php on line 18.
 1 SYSTEMPATH\CodeIgniter.php(921): App\Controllers\Member->__construct()
 2 SYSTEMPATH\CodeIgniter.php(488): CodeIgniter\CodeIgniter->createController()
 3 SYSTEMPATH\CodeIgniter.php(340): CodeIgniter\CodeIgniter->handleRequest(null, Object(Config\Cache), false)
 4 SYSTEMPATH\Boot.php(417): CodeIgniter\CodeIgniter->run()
 5 SYSTEMPATH\Boot.php(68): CodeIgniter\Boot::runCodeIgniter(Object(CodeIgniter\CodeIgniter))
 6 FCPATH\index.php(59): CodeIgniter\Boot::bootWeb(Object(Config\Paths))
 7 SYSTEMPATH\rewrite.php(44): require_once('C:\\xampp\\htdocs\\MemberCreation\\public\\index.php')
DEBUG - 2026-02-16 09:34:14 --> Session: Class initialized using 'CodeIgniter\Session\Handlers\FileHandler' driver.
WARNING - 2026-02-16 09:34:14 --> [DEPRECATED] Creation of dynamic property App\Controllers\Member::$pincodeModel is deprecated in APPPATH\Controllers\Member.php on line 18.
 1 SYSTEMPATH\CodeIgniter.php(921): App\Controllers\Member->__construct()
 2 SYSTEMPATH\CodeIgniter.php(488): CodeIgniter\CodeIgniter->createController()
 3 SYSTEMPATH\CodeIgniter.php(340): CodeIgniter\CodeIgniter->handleRequest(null, Object(Config\Cache), false)
 4 SYSTEMPATH\Boot.php(417): CodeIgniter\CodeIgniter->run()
 5 SYSTEMPATH\Boot.php(68): CodeIgniter\Boot::runCodeIgniter(Object(CodeIgniter\CodeIgniter))
 6 FCPATH\index.php(59): CodeIgniter\Boot::bootWeb(Object(Config\Paths))
 7 SYSTEMPATH\rewrite.php(44): require_once('C:\\xampp\\htdocs\\MemberCreation\\public\\index.php')
DEBUG - 2026-02-16 09:34:14 --> Session: Class initialized using 'CodeIgniter\Session\Handlers\FileHandler' driver.
WARNING - 2026-02-16 09:34:14 --> [DEPRECATED] Creation of dynamic property App\Controllers\Member::$pincodeModel is deprecated in APPPATH\Controllers\Member.php on line 18.
 1 SYSTEMPATH\CodeIgniter.php(921): App\Controllers\Member->__construct()
 2 SYSTEMPATH\CodeIgniter.php(488): CodeIgniter\CodeIgniter->createController()
 3 SYSTEMPATH\CodeIgniter.php(340): CodeIgniter\CodeIgniter->handleRequest(null, Object(Config\Cache), false)
 4 SYSTEMPATH\Boot.php(417): CodeIgniter\CodeIgniter->run()
 5 SYSTEMPATH\Boot.php(68): CodeIgniter\Boot::runCodeIgniter(Object(CodeIgniter\CodeIgniter))
 6 FCPATH\index.php(59): CodeIgniter\Boot::bootWeb(Object(Config\Paths))
 7 SYSTEMPATH\rewrite.php(44): require_once('C:\\xampp\\htdocs\\MemberCreation\\public\\index.php')
DEBUG - 2026-02-16 09:34:18 --> Session: Class initialized using 'CodeIgniter\Session\Handlers\FileHandler' driver.
WARNING - 2026-02-16 09:34:18 --> [DEPRECATED] Creation of dynamic property App\Controllers\Member::$pincodeModel is deprecated in APPPATH\Controllers\Member.php on line 18.
 1 SYSTEMPATH\CodeIgniter.php(921): App\Controllers\Member->__construct()
 2 SYSTEMPATH\CodeIgniter.php(488): CodeIgniter\CodeIgniter->createController()
 3 SYSTEMPATH\CodeIgniter.php(340): CodeIgniter\CodeIgniter->handleRequest(null, Object(Config\Cache), false)
 4 SYSTEMPATH\Boot.php(417): CodeIgniter\CodeIgniter->run()
 5 SYSTEMPATH\Boot.php(68): CodeIgniter\Boot::runCodeIgniter(Object(CodeIgniter\CodeIgniter))
 6 FCPATH\index.php(59): CodeIgniter\Boot::bootWeb(Object(Config\Paths))
 7 SYSTEMPATH\rewrite.php(44): require_once('C:\\xampp\\htdocs\\MemberCreation\\public\\index.php')
DEBUG - 2026-02-16 09:34:19 --> Session: Class initialized using 'CodeIgniter\Session\Handlers\FileHandler' driver.
WARNING - 2026-02-16 09:34:19 --> [DEPRECATED] Creation of dynamic property App\Controllers\Member::$pincodeModel is deprecated in APPPATH\Controllers\Member.php on line 18.
 1 SYSTEMPATH\CodeIgniter.php(921): App\Controllers\Member->__construct()
 2 SYSTEMPATH\CodeIgniter.php(488): CodeIgniter\CodeIgniter->createController()
 3 SYSTEMPATH\CodeIgniter.php(340): CodeIgniter\CodeIgniter->handleRequest(null, Object(Config\Cache), false)
 4 SYSTEMPATH\Boot.php(417): CodeIgniter\CodeIgniter->run()
 5 SYSTEMPATH\Boot.php(68): CodeIgniter\Boot::runCodeIgniter(Object(CodeIgniter\CodeIgniter))
 6 FCPATH\index.php(59): CodeIgniter\Boot::bootWeb(Object(Config\Paths))
 7 SYSTEMPATH\rewrite.php(44): require_once('C:\\xampp\\htdocs\\MemberCreation\\public\\index.php')
DEBUG - 2026-02-16 09:34:22 --> Session: Class initialized using 'CodeIgniter\Session\Handlers\FileHandler' driver.
WARNING - 2026-02-16 09:34:22 --> [DEPRECATED] Creation of dynamic property App\Controllers\Member::$pincodeModel is deprecated in APPPATH\Controllers\Member.php on line 18.
 1 SYSTEMPATH\CodeIgniter.php(921): App\Controllers\Member->__construct()
 2 SYSTEMPATH\CodeIgniter.php(488): CodeIgniter\CodeIgniter->createController()
 3 SYSTEMPATH\CodeIgniter.php(340): CodeIgniter\CodeIgniter->handleRequest(null, Object(Config\Cache), false)
 4 SYSTEMPATH\Boot.php(417): CodeIgniter\CodeIgniter->run()
 5 SYSTEMPATH\Boot.php(68): CodeIgniter\Boot::runCodeIgniter(Object(CodeIgniter\CodeIgniter))
 6 FCPATH\index.php(59): CodeIgniter\Boot::bootWeb(Object(Config\Paths))
 7 SYSTEMPATH\rewrite.php(44): require_once('C:\\xampp\\htdocs\\MemberCreation\\public\\index.php')
DEBUG - 2026-02-16 09:34:22 --> Session: Class initialized using 'CodeIgniter\Session\Handlers\FileHandler' driver.
WARNING - 2026-02-16 09:34:22 --> [DEPRECATED] Creation of dynamic property App\Controllers\Member::$pincodeModel is deprecated in APPPATH\Controllers\Member.php on line 18.
 1 SYSTEMPATH\CodeIgniter.php(921): App\Controllers\Member->__construct()
 2 SYSTEMPATH\CodeIgniter.php(488): CodeIgniter\CodeIgniter->createController()
 3 SYSTEMPATH\CodeIgniter.php(340): CodeIgniter\CodeIgniter->handleRequest(null, Object(Config\Cache), false)
 4 SYSTEMPATH\Boot.php(417): CodeIgniter\CodeIgniter->run()
 5 SYSTEMPATH\Boot.php(68): CodeIgniter\Boot::runCodeIgniter(Object(CodeIgniter\CodeIgniter))
 6 FCPATH\index.php(59): CodeIgniter\Boot::bootWeb(Object(Config\Paths))
 7 SYSTEMPATH\rewrite.php(44): require_once('C:\\xampp\\htdocs\\MemberCreation\\public\\index.php')
DEBUG - 2026-02-16 09:34:22 --> Session: Class initialized using 'CodeIgniter\Session\Handlers\FileHandler' driver.
WARNING - 2026-02-16 09:34:22 --> [DEPRECATED] Creation of dynamic property App\Controllers\Member::$pincodeModel is deprecated in APPPATH\Controllers\Member.php on line 18.
 1 SYSTEMPATH\CodeIgniter.php(921): App\Controllers\Member->__construct()
 2 SYSTEMPATH\CodeIgniter.php(488): CodeIgniter\CodeIgniter->createController()
 3 SYSTEMPATH\CodeIgniter.php(340): CodeIgniter\CodeIgniter->handleRequest(null, Object(Config\Cache), false)
 4 SYSTEMPATH\Boot.php(417): CodeIgniter\CodeIgniter->run()
 5 SYSTEMPATH\Boot.php(68): CodeIgniter\Boot::runCodeIgniter(Object(CodeIgniter\CodeIgniter))
 6 FCPATH\index.php(59): CodeIgniter\Boot::bootWeb(Object(Config\Paths))
 7 SYSTEMPATH\rewrite.php(44): require_once('C:\\xampp\\htdocs\\MemberCreation\\public\\index.php')
DEBUG - 2026-02-16 09:34:23 --> Session: Class initialized using 'CodeIgniter\Session\Handlers\FileHandler' driver.
WARNING - 2026-02-16 09:34:23 --> [DEPRECATED] Creation of dynamic property App\Controllers\Member::$pincodeModel is deprecated in APPPATH\Controllers\Member.php on line 18.
 1 SYSTEMPATH\CodeIgniter.php(921): App\Controllers\Member->__construct()
 2 SYSTEMPATH\CodeIgniter.php(488): CodeIgniter\CodeIgniter->createController()
 3 SYSTEMPATH\CodeIgniter.php(340): CodeIgniter\CodeIgniter->handleRequest(null, Object(Config\Cache), false)
 4 SYSTEMPATH\Boot.php(417): CodeIgniter\CodeIgniter->run()
 5 SYSTEMPATH\Boot.php(68): CodeIgniter\Boot::runCodeIgniter(Object(CodeIgniter\CodeIgniter))
 6 FCPATH\index.php(59): CodeIgniter\Boot::bootWeb(Object(Config\Paths))
 7 SYSTEMPATH\rewrite.php(44): require_once('C:\\xampp\\htdocs\\MemberCreation\\public\\index.php')
DEBUG - 2026-02-16 09:41:53 --> Session: Class initialized using 'CodeIgniter\Session\Handlers\FileHandler' driver.
WARNING - 2026-02-16 09:41:53 --> [DEPRECATED] Creation of dynamic property App\Controllers\Member::$pincodeModel is deprecated in APPPATH\Controllers\Member.php on line 18.
 1 SYSTEMPATH\CodeIgniter.php(921): App\Controllers\Member->__construct()
 2 SYSTEMPATH\CodeIgniter.php(488): CodeIgniter\CodeIgniter->createController()
 3 SYSTEMPATH\CodeIgniter.php(340): CodeIgniter\CodeIgniter->handleRequest(null, Object(Config\Cache), false)
 4 SYSTEMPATH\Boot.php(417): CodeIgniter\CodeIgniter->run()
 5 SYSTEMPATH\Boot.php(68): CodeIgniter\Boot::runCodeIgniter(Object(CodeIgniter\CodeIgniter))
 6 FCPATH\index.php(59): CodeIgniter\Boot::bootWeb(Object(Config\Paths))
 7 SYSTEMPATH\rewrite.php(44): require_once('C:\\xampp\\htdocs\\MemberCreation\\public\\index.php')
DEBUG - 2026-02-16 09:41:56 --> Session: Class initialized using 'CodeIgniter\Session\Handlers\FileHandler' driver.
WARNING - 2026-02-16 09:41:56 --> [DEPRECATED] Creation of dynamic property App\Controllers\Member::$pincodeModel is deprecated in APPPATH\Controllers\Member.php on line 18.
 1 SYSTEMPATH\CodeIgniter.php(921): App\Controllers\Member->__construct()
 2 SYSTEMPATH\CodeIgniter.php(488): CodeIgniter\CodeIgniter->createController()
 3 SYSTEMPATH\CodeIgniter.php(340): CodeIgniter\CodeIgniter->handleRequest(null, Object(Config\Cache), false)
 4 SYSTEMPATH\Boot.php(417): CodeIgniter\CodeIgniter->run()
 5 SYSTEMPATH\Boot.php(68): CodeIgniter\Boot::runCodeIgniter(Object(CodeIgniter\CodeIgniter))
 6 FCPATH\index.php(59): CodeIgniter\Boot::bootWeb(Object(Config\Paths))
 7 SYSTEMPATH\rewrite.php(44): require_once('C:\\xampp\\htdocs\\MemberCreation\\public\\index.php')
DEBUG - 2026-02-16 09:42:23 --> Session: Class initialized using 'CodeIgniter\Session\Handlers\FileHandler' driver.
WARNING - 2026-02-16 09:42:23 --> [DEPRECATED] Creation of dynamic property App\Controllers\Member::$pincodeModel is deprecated in APPPATH\Controllers\Member.php on line 18.
 1 SYSTEMPATH\CodeIgniter.php(921): App\Controllers\Member->__construct()
 2 SYSTEMPATH\CodeIgniter.php(488): CodeIgniter\CodeIgniter->createController()
 3 SYSTEMPATH\CodeIgniter.php(340): CodeIgniter\CodeIgniter->handleRequest(null, Object(Config\Cache), false)
 4 SYSTEMPATH\Boot.php(417): CodeIgniter\CodeIgniter->run()
 5 SYSTEMPATH\Boot.php(68): CodeIgniter\Boot::runCodeIgniter(Object(CodeIgniter\CodeIgniter))
 6 FCPATH\index.php(59): CodeIgniter\Boot::bootWeb(Object(Config\Paths))
 7 SYSTEMPATH\rewrite.php(44): require_once('C:\\xampp\\htdocs\\MemberCreation\\public\\index.php')
DEBUG - 2026-02-16 09:42:26 --> Session: Class initialized using 'CodeIgniter\Session\Handlers\FileHandler' driver.
WARNING - 2026-02-16 09:42:26 --> [DEPRECATED] Creation of dynamic property App\Controllers\Member::$pincodeModel is deprecated in APPPATH\Controllers\Member.php on line 18.
 1 SYSTEMPATH\CodeIgniter.php(921): App\Controllers\Member->__construct()
 2 SYSTEMPATH\CodeIgniter.php(488): CodeIgniter\CodeIgniter->createController()
 3 SYSTEMPATH\CodeIgniter.php(340): CodeIgniter\CodeIgniter->handleRequest(null, Object(Config\Cache), false)
 4 SYSTEMPATH\Boot.php(417): CodeIgniter\CodeIgniter->run()
 5 SYSTEMPATH\Boot.php(68): CodeIgniter\Boot::runCodeIgniter(Object(CodeIgniter\CodeIgniter))
 6 FCPATH\index.php(59): CodeIgniter\Boot::bootWeb(Object(Config\Paths))
 7 SYSTEMPATH\rewrite.php(44): require_once('C:\\xampp\\htdocs\\MemberCreation\\public\\index.php')
DEBUG - 2026-02-16 09:42:30 --> Session: Class initialized using 'CodeIgniter\Session\Handlers\FileHandler' driver.
WARNING - 2026-02-16 09:42:30 --> [DEPRECATED] Creation of dynamic property App\Controllers\Member::$pincodeModel is deprecated in APPPATH\Controllers\Member.php on line 18.
 1 SYSTEMPATH\CodeIgniter.php(921): App\Controllers\Member->__construct()
 2 SYSTEMPATH\CodeIgniter.php(488): CodeIgniter\CodeIgniter->createController()
 3 SYSTEMPATH\CodeIgniter.php(340): CodeIgniter\CodeIgniter->handleRequest(null, Object(Config\Cache), false)
 4 SYSTEMPATH\Boot.php(417): CodeIgniter\CodeIgniter->run()
 5 SYSTEMPATH\Boot.php(68): CodeIgniter\Boot::runCodeIgniter(Object(CodeIgniter\CodeIgniter))
 6 FCPATH\index.php(59): CodeIgniter\Boot::bootWeb(Object(Config\Paths))
 7 SYSTEMPATH\rewrite.php(44): require_once('C:\\xampp\\htdocs\\MemberCreation\\public\\index.php')
DEBUG - 2026-02-16 09:42:33 --> Session: Class initialized using 'CodeIgniter\Session\Handlers\FileHandler' driver.
WARNING - 2026-02-16 09:42:33 --> [DEPRECATED] Creation of dynamic property App\Controllers\Member::$pincodeModel is deprecated in APPPATH\Controllers\Member.php on line 18.
 1 SYSTEMPATH\CodeIgniter.php(921): App\Controllers\Member->__construct()
 2 SYSTEMPATH\CodeIgniter.php(488): CodeIgniter\CodeIgniter->createController()
 3 SYSTEMPATH\CodeIgniter.php(340): CodeIgniter\CodeIgniter->handleRequest(null, Object(Config\Cache), false)
 4 SYSTEMPATH\Boot.php(417): CodeIgniter\CodeIgniter->run()
 5 SYSTEMPATH\Boot.php(68): CodeIgniter\Boot::runCodeIgniter(Object(CodeIgniter\CodeIgniter))
 6 FCPATH\index.php(59): CodeIgniter\Boot::bootWeb(Object(Config\Paths))
 7 SYSTEMPATH\rewrite.php(44): require_once('C:\\xampp\\htdocs\\MemberCreation\\public\\index.php')
DEBUG - 2026-02-16 09:43:18 --> Session: Class initialized using 'CodeIgniter\Session\Handlers\FileHandler' driver.
WARNING - 2026-02-16 09:43:18 --> [DEPRECATED] Creation of dynamic property App\Controllers\Member::$pincodeModel is deprecated in APPPATH\Controllers\Member.php on line 18.
 1 SYSTEMPATH\CodeIgniter.php(921): App\Controllers\Member->__construct()
 2 SYSTEMPATH\CodeIgniter.php(488): CodeIgniter\CodeIgniter->createController()
 3 SYSTEMPATH\CodeIgniter.php(340): CodeIgniter\CodeIgniter->handleRequest(null, Object(Config\Cache), false)
 4 SYSTEMPATH\Boot.php(417): CodeIgniter\CodeIgniter->run()
 5 SYSTEMPATH\Boot.php(68): CodeIgniter\Boot::runCodeIgniter(Object(CodeIgniter\CodeIgniter))
 6 FCPATH\index.php(59): CodeIgniter\Boot::bootWeb(Object(Config\Paths))
 7 SYSTEMPATH\rewrite.php(44): require_once('C:\\xampp\\htdocs\\MemberCreation\\public\\index.php')
DEBUG - 2026-02-16 09:43:46 --> Session: Class initialized using 'CodeIgniter\Session\Handlers\FileHandler' driver.
WARNING - 2026-02-16 09:43:46 --> [DEPRECATED] Creation of dynamic property App\Controllers\Member::$pincodeModel is deprecated in APPPATH\Controllers\Member.php on line 18.
 1 SYSTEMPATH\CodeIgniter.php(921): App\Controllers\Member->__construct()
 2 SYSTEMPATH\CodeIgniter.php(488): CodeIgniter\CodeIgniter->createController()
 3 SYSTEMPATH\CodeIgniter.php(340): CodeIgniter\CodeIgniter->handleRequest(null, Object(Config\Cache), false)
 4 SYSTEMPATH\Boot.php(417): CodeIgniter\CodeIgniter->run()
 5 SYSTEMPATH\Boot.php(68): CodeIgniter\Boot::runCodeIgniter(Object(CodeIgniter\CodeIgniter))
 6 FCPATH\index.php(59): CodeIgniter\Boot::bootWeb(Object(Config\Paths))
 7 SYSTEMPATH\rewrite.php(44): require_once('C:\\xampp\\htdocs\\MemberCreation\\public\\index.php')
DEBUG - 2026-02-16 09:46:38 --> Session: Class initialized using 'CodeIgniter\Session\Handlers\FileHandler' driver.
WARNING - 2026-02-16 09:46:38 --> [DEPRECATED] Creation of dynamic property App\Controllers\Member::$pincodeModel is deprecated in APPPATH\Controllers\Member.php on line 18.
 1 SYSTEMPATH\CodeIgniter.php(921): App\Controllers\Member->__construct()
 2 SYSTEMPATH\CodeIgniter.php(488): CodeIgniter\CodeIgniter->createController()
 3 SYSTEMPATH\CodeIgniter.php(340): CodeIgniter\CodeIgniter->handleRequest(null, Object(Config\Cache), false)
 4 SYSTEMPATH\Boot.php(417): CodeIgniter\CodeIgniter->run()
 5 SYSTEMPATH\Boot.php(68): CodeIgniter\Boot::runCodeIgniter(Object(CodeIgniter\CodeIgniter))
 6 FCPATH\index.php(59): CodeIgniter\Boot::bootWeb(Object(Config\Paths))
 7 SYSTEMPATH\rewrite.php(44): require_once('C:\\xampp\\htdocs\\MemberCreation\\public\\index.php')
DEBUG - 2026-02-16 09:46:44 --> Session: Class initialized using 'CodeIgniter\Session\Handlers\FileHandler' driver.
WARNING - 2026-02-16 09:46:44 --> [DEPRECATED] Creation of dynamic property App\Controllers\Member::$pincodeModel is deprecated in APPPATH\Controllers\Member.php on line 18.
 1 SYSTEMPATH\CodeIgniter.php(921): App\Controllers\Member->__construct()
 2 SYSTEMPATH\CodeIgniter.php(488): CodeIgniter\CodeIgniter->createController()
 3 SYSTEMPATH\CodeIgniter.php(340): CodeIgniter\CodeIgniter->handleRequest(null, Object(Config\Cache), false)
 4 SYSTEMPATH\Boot.php(417): CodeIgniter\CodeIgniter->run()
 5 SYSTEMPATH\Boot.php(68): CodeIgniter\Boot::runCodeIgniter(Object(CodeIgniter\CodeIgniter))
 6 FCPATH\index.php(59): CodeIgniter\Boot::bootWeb(Object(Config\Paths))
 7 SYSTEMPATH\rewrite.php(44): require_once('C:\\xampp\\htdocs\\MemberCreation\\public\\index.php')
DEBUG - 2026-02-16 09:46:49 --> Session: Class initialized using 'CodeIgniter\Session\Handlers\FileHandler' driver.
WARNING - 2026-02-16 09:46:49 --> [DEPRECATED] Creation of dynamic property App\Controllers\Member::$pincodeModel is deprecated in APPPATH\Controllers\Member.php on line 18.
 1 SYSTEMPATH\CodeIgniter.php(921): App\Controllers\Member->__construct()
 2 SYSTEMPATH\CodeIgniter.php(488): CodeIgniter\CodeIgniter->createController()
 3 SYSTEMPATH\CodeIgniter.php(340): CodeIgniter\CodeIgniter->handleRequest(null, Object(Config\Cache), false)
 4 SYSTEMPATH\Boot.php(417): CodeIgniter\CodeIgniter->run()
 5 SYSTEMPATH\Boot.php(68): CodeIgniter\Boot::runCodeIgniter(Object(CodeIgniter\CodeIgniter))
 6 FCPATH\index.php(59): CodeIgniter\Boot::bootWeb(Object(Config\Paths))
 7 SYSTEMPATH\rewrite.php(44): require_once('C:\\xampp\\htdocs\\MemberCreation\\public\\index.php')
DEBUG - 2026-02-16 09:46:55 --> Session: Class initialized using 'CodeIgniter\Session\Handlers\FileHandler' driver.
WARNING - 2026-02-16 09:46:55 --> [DEPRECATED] Creation of dynamic property App\Controllers\Member::$pincodeModel is deprecated in APPPATH\Controllers\Member.php on line 18.
 1 SYSTEMPATH\CodeIgniter.php(921): App\Controllers\Member->__construct()
 2 SYSTEMPATH\CodeIgniter.php(488): CodeIgniter\CodeIgniter->createController()
 3 SYSTEMPATH\CodeIgniter.php(340): CodeIgniter\CodeIgniter->handleRequest(null, Object(Config\Cache), false)
 4 SYSTEMPATH\Boot.php(417): CodeIgniter\CodeIgniter->run()
 5 SYSTEMPATH\Boot.php(68): CodeIgniter\Boot::runCodeIgniter(Object(CodeIgniter\CodeIgniter))
 6 FCPATH\index.php(59): CodeIgniter\Boot::bootWeb(Object(Config\Paths))
 7 SYSTEMPATH\rewrite.php(44): require_once('C:\\xampp\\htdocs\\MemberCreation\\public\\index.php')
DEBUG - 2026-02-16 09:46:59 --> Session: Class initialized using 'CodeIgniter\Session\Handlers\FileHandler' driver.
WARNING - 2026-02-16 09:46:59 --> [DEPRECATED] Creation of dynamic property App\Controllers\Member::$pincodeModel is deprecated in APPPATH\Controllers\Member.php on line 18.
 1 SYSTEMPATH\CodeIgniter.php(921): App\Controllers\Member->__construct()
 2 SYSTEMPATH\CodeIgniter.php(488): CodeIgniter\CodeIgniter->createController()
 3 SYSTEMPATH\CodeIgniter.php(340): CodeIgniter\CodeIgniter->handleRequest(null, Object(Config\Cache), false)
 4 SYSTEMPATH\Boot.php(417): CodeIgniter\CodeIgniter->run()
 5 SYSTEMPATH\Boot.php(68): CodeIgniter\Boot::runCodeIgniter(Object(CodeIgniter\CodeIgniter))
 6 FCPATH\index.php(59): CodeIgniter\Boot::bootWeb(Object(Config\Paths))
 7 SYSTEMPATH\rewrite.php(44): require_once('C:\\xampp\\htdocs\\MemberCreation\\public\\index.php')
DEBUG - 2026-02-16 09:48:13 --> Session: Class initialized using 'CodeIgniter\Session\Handlers\FileHandler' driver.
WARNING - 2026-02-16 09:48:13 --> [DEPRECATED] Creation of dynamic property App\Controllers\Member::$pincodeModel is deprecated in APPPATH\Controllers\Member.php on line 18.
 1 SYSTEMPATH\CodeIgniter.php(921): App\Controllers\Member->__construct()
 2 SYSTEMPATH\CodeIgniter.php(488): CodeIgniter\CodeIgniter->createController()
 3 SYSTEMPATH\CodeIgniter.php(340): CodeIgniter\CodeIgniter->handleRequest(null, Object(Config\Cache), false)
 4 SYSTEMPATH\Boot.php(417): CodeIgniter\CodeIgniter->run()
 5 SYSTEMPATH\Boot.php(68): CodeIgniter\Boot::runCodeIgniter(Object(CodeIgniter\CodeIgniter))
 6 FCPATH\index.php(59): CodeIgniter\Boot::bootWeb(Object(Config\Paths))
 7 SYSTEMPATH\rewrite.php(44): require_once('C:\\xampp\\htdocs\\MemberCreation\\public\\index.php')
DEBUG - 2026-02-16 09:48:16 --> Session: Class initialized using 'CodeIgniter\Session\Handlers\FileHandler' driver.
WARNING - 2026-02-16 09:48:16 --> [DEPRECATED] Creation of dynamic property App\Controllers\Member::$pincodeModel is deprecated in APPPATH\Controllers\Member.php on line 18.
 1 SYSTEMPATH\CodeIgniter.php(921): App\Controllers\Member->__construct()
 2 SYSTEMPATH\CodeIgniter.php(488): CodeIgniter\CodeIgniter->createController()
 3 SYSTEMPATH\CodeIgniter.php(340): CodeIgniter\CodeIgniter->handleRequest(null, Object(Config\Cache), false)
 4 SYSTEMPATH\Boot.php(417): CodeIgniter\CodeIgniter->run()
 5 SYSTEMPATH\Boot.php(68): CodeIgniter\Boot::runCodeIgniter(Object(CodeIgniter\CodeIgniter))
 6 FCPATH\index.php(59): CodeIgniter\Boot::bootWeb(Object(Config\Paths))
 7 SYSTEMPATH\rewrite.php(44): require_once('C:\\xampp\\htdocs\\MemberCreation\\public\\index.php')
DEBUG - 2026-02-16 09:48:17 --> Session: Class initialized using 'CodeIgniter\Session\Handlers\FileHandler' driver.
WARNING - 2026-02-16 09:48:17 --> [DEPRECATED] Creation of dynamic property App\Controllers\Member::$pincodeModel is deprecated in APPPATH\Controllers\Member.php on line 18.
 1 SYSTEMPATH\CodeIgniter.php(921): App\Controllers\Member->__construct()
 2 SYSTEMPATH\CodeIgniter.php(488): CodeIgniter\CodeIgniter->createController()
 3 SYSTEMPATH\CodeIgniter.php(340): CodeIgniter\CodeIgniter->handleRequest(null, Object(Config\Cache), false)
 4 SYSTEMPATH\Boot.php(417): CodeIgniter\CodeIgniter->run()
 5 SYSTEMPATH\Boot.php(68): CodeIgniter\Boot::runCodeIgniter(Object(CodeIgniter\CodeIgniter))
 6 FCPATH\index.php(59): CodeIgniter\Boot::bootWeb(Object(Config\Paths))
 7 SYSTEMPATH\rewrite.php(44): require_once('C:\\xampp\\htdocs\\MemberCreation\\public\\index.php')
DEBUG - 2026-02-16 09:48:19 --> Session: Class initialized using 'CodeIgniter\Session\Handlers\FileHandler' driver.
WARNING - 2026-02-16 09:48:19 --> [DEPRECATED] Creation of dynamic property App\Controllers\Member::$pincodeModel is deprecated in APPPATH\Controllers\Member.php on line 18.
 1 SYSTEMPATH\CodeIgniter.php(921): App\Controllers\Member->__construct()
 2 SYSTEMPATH\CodeIgniter.php(488): CodeIgniter\CodeIgniter->createController()
 3 SYSTEMPATH\CodeIgniter.php(340): CodeIgniter\CodeIgniter->handleRequest(null, Object(Config\Cache), false)
 4 SYSTEMPATH\Boot.php(417): CodeIgniter\CodeIgniter->run()
 5 SYSTEMPATH\Boot.php(68): CodeIgniter\Boot::runCodeIgniter(Object(CodeIgniter\CodeIgniter))
 6 FCPATH\index.php(59): CodeIgniter\Boot::bootWeb(Object(Config\Paths))
 7 SYSTEMPATH\rewrite.php(44): require_once('C:\\xampp\\htdocs\\MemberCreation\\public\\index.php')
DEBUG - 2026-02-16 09:48:21 --> Session: Class initialized using 'CodeIgniter\Session\Handlers\FileHandler' driver.
WARNING - 2026-02-16 09:48:21 --> [DEPRECATED] Creation of dynamic property App\Controllers\Member::$pincodeModel is deprecated in APPPATH\Controllers\Member.php on line 18.
 1 SYSTEMPATH\CodeIgniter.php(921): App\Controllers\Member->__construct()
 2 SYSTEMPATH\CodeIgniter.php(488): CodeIgniter\CodeIgniter->createController()
 3 SYSTEMPATH\CodeIgniter.php(340): CodeIgniter\CodeIgniter->handleRequest(null, Object(Config\Cache), false)
 4 SYSTEMPATH\Boot.php(417): CodeIgniter\CodeIgniter->run()
 5 SYSTEMPATH\Boot.php(68): CodeIgniter\Boot::runCodeIgniter(Object(CodeIgniter\CodeIgniter))
 6 FCPATH\index.php(59): CodeIgniter\Boot::bootWeb(Object(Config\Paths))
 7 SYSTEMPATH\rewrite.php(44): require_once('C:\\xampp\\htdocs\\MemberCreation\\public\\index.php')
DEBUG - 2026-02-16 09:50:33 --> Session: Class initialized using 'CodeIgniter\Session\Handlers\FileHandler' driver.
WARNING - 2026-02-16 09:50:33 --> [DEPRECATED] Creation of dynamic property App\Controllers\Member::$pincodeModel is deprecated in APPPATH\Controllers\Member.php on line 18.
 1 SYSTEMPATH\CodeIgniter.php(921): App\Controllers\Member->__construct()
 2 SYSTEMPATH\CodeIgniter.php(488): CodeIgniter\CodeIgniter->createController()
 3 SYSTEMPATH\CodeIgniter.php(340): CodeIgniter\CodeIgniter->handleRequest(null, Object(Config\Cache), false)
 4 SYSTEMPATH\Boot.php(417): CodeIgniter\CodeIgniter->run()
 5 SYSTEMPATH\Boot.php(68): CodeIgniter\Boot::runCodeIgniter(Object(CodeIgniter\CodeIgniter))
 6 FCPATH\index.php(59): CodeIgniter\Boot::bootWeb(Object(Config\Paths))
 7 SYSTEMPATH\rewrite.php(44): require_once('C:\\xampp\\htdocs\\MemberCreation\\public\\index.php')
DEBUG - 2026-02-16 09:50:37 --> Session: Class initialized using 'CodeIgniter\Session\Handlers\FileHandler' driver.
WARNING - 2026-02-16 09:50:37 --> [DEPRECATED] Creation of dynamic property App\Controllers\Member::$pincodeModel is deprecated in APPPATH\Controllers\Member.php on line 18.
 1 SYSTEMPATH\CodeIgniter.php(921): App\Controllers\Member->__construct()
 2 SYSTEMPATH\CodeIgniter.php(488): CodeIgniter\CodeIgniter->createController()
 3 SYSTEMPATH\CodeIgniter.php(340): CodeIgniter\CodeIgniter->handleRequest(null, Object(Config\Cache), false)
 4 SYSTEMPATH\Boot.php(417): CodeIgniter\CodeIgniter->run()
 5 SYSTEMPATH\Boot.php(68): CodeIgniter\Boot::runCodeIgniter(Object(CodeIgniter\CodeIgniter))
 6 FCPATH\index.php(59): CodeIgniter\Boot::bootWeb(Object(Config\Paths))
 7 SYSTEMPATH\rewrite.php(44): require_once('C:\\xampp\\htdocs\\MemberCreation\\public\\index.php')
DEBUG - 2026-02-16 09:50:39 --> Session: Class initialized using 'CodeIgniter\Session\Handlers\FileHandler' driver.
WARNING - 2026-02-16 09:50:39 --> [DEPRECATED] Creation of dynamic property App\Controllers\Member::$pincodeModel is deprecated in APPPATH\Controllers\Member.php on line 18.
 1 SYSTEMPATH\CodeIgniter.php(921): App\Controllers\Member->__construct()
 2 SYSTEMPATH\CodeIgniter.php(488): CodeIgniter\CodeIgniter->createController()
 3 SYSTEMPATH\CodeIgniter.php(340): CodeIgniter\CodeIgniter->handleRequest(null, Object(Config\Cache), false)
 4 SYSTEMPATH\Boot.php(417): CodeIgniter\CodeIgniter->run()
 5 SYSTEMPATH\Boot.php(68): CodeIgniter\Boot::runCodeIgniter(Object(CodeIgniter\CodeIgniter))
 6 FCPATH\index.php(59): CodeIgniter\Boot::bootWeb(Object(Config\Paths))
 7 SYSTEMPATH\rewrite.php(44): require_once('C:\\xampp\\htdocs\\MemberCreation\\public\\index.php')
DEBUG - 2026-02-16 09:51:20 --> Session: Class initialized using 'CodeIgniter\Session\Handlers\FileHandler' driver.
WARNING - 2026-02-16 09:51:20 --> [DEPRECATED] Creation of dynamic property App\Controllers\Member::$pincodeModel is deprecated in APPPATH\Controllers\Member.php on line 18.
 1 SYSTEMPATH\CodeIgniter.php(921): App\Controllers\Member->__construct()
 2 SYSTEMPATH\CodeIgniter.php(488): CodeIgniter\CodeIgniter->createController()
 3 SYSTEMPATH\CodeIgniter.php(340): CodeIgniter\CodeIgniter->handleRequest(null, Object(Config\Cache), false)
 4 SYSTEMPATH\Boot.php(417): CodeIgniter\CodeIgniter->run()
 5 SYSTEMPATH\Boot.php(68): CodeIgniter\Boot::runCodeIgniter(Object(CodeIgniter\CodeIgniter))
 6 FCPATH\index.php(59): CodeIgniter\Boot::bootWeb(Object(Config\Paths))
 7 SYSTEMPATH\rewrite.php(44): require_once('C:\\xampp\\htdocs\\MemberCreation\\public\\index.php')
DEBUG - 2026-02-16 09:52:21 --> Session: Class initialized using 'CodeIgniter\Session\Handlers\FileHandler' driver.
WARNING - 2026-02-16 09:52:21 --> [DEPRECATED] Creation of dynamic property App\Controllers\Member::$pincodeModel is deprecated in APPPATH\Controllers\Member.php on line 18.
 1 SYSTEMPATH\CodeIgniter.php(921): App\Controllers\Member->__construct()
 2 SYSTEMPATH\CodeIgniter.php(488): CodeIgniter\CodeIgniter->createController()
 3 SYSTEMPATH\CodeIgniter.php(340): CodeIgniter\CodeIgniter->handleRequest(null, Object(Config\Cache), false)
 4 SYSTEMPATH\Boot.php(417): CodeIgniter\CodeIgniter->run()
 5 SYSTEMPATH\Boot.php(68): CodeIgniter\Boot::runCodeIgniter(Object(CodeIgniter\CodeIgniter))
 6 FCPATH\index.php(59): CodeIgniter\Boot::bootWeb(Object(Config\Paths))
 7 SYSTEMPATH\rewrite.php(44): require_once('C:\\xampp\\htdocs\\MemberCreation\\public\\index.php')
DEBUG - 2026-02-16 09:52:21 --> Session: Class initialized using 'CodeIgniter\Session\Handlers\FileHandler' driver.
WARNING - 2026-02-16 09:52:21 --> [DEPRECATED] Creation of dynamic property App\Controllers\Member::$pincodeModel is deprecated in APPPATH\Controllers\Member.php on line 18.
 1 SYSTEMPATH\CodeIgniter.php(921): App\Controllers\Member->__construct()
 2 SYSTEMPATH\CodeIgniter.php(488): CodeIgniter\CodeIgniter->createController()
 3 SYSTEMPATH\CodeIgniter.php(340): CodeIgniter\CodeIgniter->handleRequest(null, Object(Config\Cache), false)
 4 SYSTEMPATH\Boot.php(417): CodeIgniter\CodeIgniter->run()
 5 SYSTEMPATH\Boot.php(68): CodeIgniter\Boot::runCodeIgniter(Object(CodeIgniter\CodeIgniter))
 6 FCPATH\index.php(59): CodeIgniter\Boot::bootWeb(Object(Config\Paths))
 7 SYSTEMPATH\rewrite.php(44): require_once('C:\\xampp\\htdocs\\MemberCreation\\public\\index.php')
DEBUG - 2026-02-16 09:54:25 --> Session: Class initialized using 'CodeIgniter\Session\Handlers\FileHandler' driver.
WARNING - 2026-02-16 09:54:25 --> [DEPRECATED] Creation of dynamic property App\Controllers\Member::$pincodeModel is deprecated in APPPATH\Controllers\Member.php on line 18.
 1 SYSTEMPATH\CodeIgniter.php(921): App\Controllers\Member->__construct()
 2 SYSTEMPATH\CodeIgniter.php(488): CodeIgniter\CodeIgniter->createController()
 3 SYSTEMPATH\CodeIgniter.php(340): CodeIgniter\CodeIgniter->handleRequest(null, Object(Config\Cache), false)
 4 SYSTEMPATH\Boot.php(417): CodeIgniter\CodeIgniter->run()
 5 SYSTEMPATH\Boot.php(68): CodeIgniter\Boot::runCodeIgniter(Object(CodeIgniter\CodeIgniter))
 6 FCPATH\index.php(59): CodeIgniter\Boot::bootWeb(Object(Config\Paths))
 7 SYSTEMPATH\rewrite.php(44): require_once('C:\\xampp\\htdocs\\MemberCreation\\public\\index.php')
DEBUG - 2026-02-16 09:54:25 --> Session: Class initialized using 'CodeIgniter\Session\Handlers\FileHandler' driver.
WARNING - 2026-02-16 09:54:25 --> [DEPRECATED] Creation of dynamic property App\Controllers\Member::$pincodeModel is deprecated in APPPATH\Controllers\Member.php on line 18.
 1 SYSTEMPATH\CodeIgniter.php(921): App\Controllers\Member->__construct()
 2 SYSTEMPATH\CodeIgniter.php(488): CodeIgniter\CodeIgniter->createController()
 3 SYSTEMPATH\CodeIgniter.php(340): CodeIgniter\CodeIgniter->handleRequest(null, Object(Config\Cache), false)
 4 SYSTEMPATH\Boot.php(417): CodeIgniter\CodeIgniter->run()
 5 SYSTEMPATH\Boot.php(68): CodeIgniter\Boot::runCodeIgniter(Object(CodeIgniter\CodeIgniter))
 6 FCPATH\index.php(59): CodeIgniter\Boot::bootWeb(Object(Config\Paths))
 7 SYSTEMPATH\rewrite.php(44): require_once('C:\\xampp\\htdocs\\MemberCreation\\public\\index.php')
DEBUG - 2026-02-16 09:54:26 --> Session: Class initialized using 'CodeIgniter\Session\Handlers\FileHandler' driver.
WARNING - 2026-02-16 09:54:26 --> [DEPRECATED] Creation of dynamic property App\Controllers\Member::$pincodeModel is deprecated in APPPATH\Controllers\Member.php on line 18.
 1 SYSTEMPATH\CodeIgniter.php(921): App\Controllers\Member->__construct()
 2 SYSTEMPATH\CodeIgniter.php(488): CodeIgniter\CodeIgniter->createController()
 3 SYSTEMPATH\CodeIgniter.php(340): CodeIgniter\CodeIgniter->handleRequest(null, Object(Config\Cache), false)
 4 SYSTEMPATH\Boot.php(417): CodeIgniter\CodeIgniter->run()
 5 SYSTEMPATH\Boot.php(68): CodeIgniter\Boot::runCodeIgniter(Object(CodeIgniter\CodeIgniter))
 6 FCPATH\index.php(59): CodeIgniter\Boot::bootWeb(Object(Config\Paths))
 7 SYSTEMPATH\rewrite.php(44): require_once('C:\\xampp\\htdocs\\MemberCreation\\public\\index.php')
DEBUG - 2026-02-16 09:54:27 --> Session: Class initialized using 'CodeIgniter\Session\Handlers\FileHandler' driver.
WARNING - 2026-02-16 09:54:27 --> [DEPRECATED] Creation of dynamic property App\Controllers\Member::$pincodeModel is deprecated in APPPATH\Controllers\Member.php on line 18.
 1 SYSTEMPATH\CodeIgniter.php(921): App\Controllers\Member->__construct()
 2 SYSTEMPATH\CodeIgniter.php(488): CodeIgniter\CodeIgniter->createController()
 3 SYSTEMPATH\CodeIgniter.php(340): CodeIgniter\CodeIgniter->handleRequest(null, Object(Config\Cache), false)
 4 SYSTEMPATH\Boot.php(417): CodeIgniter\CodeIgniter->run()
 5 SYSTEMPATH\Boot.php(68): CodeIgniter\Boot::runCodeIgniter(Object(CodeIgniter\CodeIgniter))
 6 FCPATH\index.php(59): CodeIgniter\Boot::bootWeb(Object(Config\Paths))
 7 SYSTEMPATH\rewrite.php(44): require_once('C:\\xampp\\htdocs\\MemberCreation\\public\\index.php')
DEBUG - 2026-02-16 09:54:27 --> Session: Class initialized using 'CodeIgniter\Session\Handlers\FileHandler' driver.
WARNING - 2026-02-16 09:54:27 --> [DEPRECATED] Creation of dynamic property App\Controllers\Member::$pincodeModel is deprecated in APPPATH\Controllers\Member.php on line 18.
 1 SYSTEMPATH\CodeIgniter.php(921): App\Controllers\Member->__construct()
 2 SYSTEMPATH\CodeIgniter.php(488): CodeIgniter\CodeIgniter->createController()
 3 SYSTEMPATH\CodeIgniter.php(340): CodeIgniter\CodeIgniter->handleRequest(null, Object(Config\Cache), false)
 4 SYSTEMPATH\Boot.php(417): CodeIgniter\CodeIgniter->run()
 5 SYSTEMPATH\Boot.php(68): CodeIgniter\Boot::runCodeIgniter(Object(CodeIgniter\CodeIgniter))
 6 FCPATH\index.php(59): CodeIgniter\Boot::bootWeb(Object(Config\Paths))
 7 SYSTEMPATH\rewrite.php(44): require_once('C:\\xampp\\htdocs\\MemberCreation\\public\\index.php')
DEBUG - 2026-02-16 09:54:42 --> Session: Class initialized using 'CodeIgniter\Session\Handlers\FileHandler' driver.
WARNING - 2026-02-16 09:54:42 --> [DEPRECATED] Creation of dynamic property App\Controllers\Member::$pincodeModel is deprecated in APPPATH\Controllers\Member.php on line 18.
 1 SYSTEMPATH\CodeIgniter.php(921): App\Controllers\Member->__construct()
 2 SYSTEMPATH\CodeIgniter.php(488): CodeIgniter\CodeIgniter->createController()
 3 SYSTEMPATH\CodeIgniter.php(340): CodeIgniter\CodeIgniter->handleRequest(null, Object(Config\Cache), false)
 4 SYSTEMPATH\Boot.php(417): CodeIgniter\CodeIgniter->run()
 5 SYSTEMPATH\Boot.php(68): CodeIgniter\Boot::runCodeIgniter(Object(CodeIgniter\CodeIgniter))
 6 FCPATH\index.php(59): CodeIgniter\Boot::bootWeb(Object(Config\Paths))
 7 SYSTEMPATH\rewrite.php(44): require_once('C:\\xampp\\htdocs\\MemberCreation\\public\\index.php')
DEBUG - 2026-02-16 10:02:02 --> Session: Class initialized using 'CodeIgniter\Session\Handlers\FileHandler' driver.
WARNING - 2026-02-16 10:02:02 --> [DEPRECATED] Creation of dynamic property App\Controllers\Member::$pincodeModel is deprecated in APPPATH\Controllers\Member.php on line 18.
 1 SYSTEMPATH\CodeIgniter.php(921): App\Controllers\Member->__construct()
 2 SYSTEMPATH\CodeIgniter.php(488): CodeIgniter\CodeIgniter->createController()
 3 SYSTEMPATH\CodeIgniter.php(340): CodeIgniter\CodeIgniter->handleRequest(null, Object(Config\Cache), false)
 4 SYSTEMPATH\Boot.php(417): CodeIgniter\CodeIgniter->run()
 5 SYSTEMPATH\Boot.php(68): CodeIgniter\Boot::runCodeIgniter(Object(CodeIgniter\CodeIgniter))
 6 FCPATH\index.php(59): CodeIgniter\Boot::bootWeb(Object(Config\Paths))
 7 SYSTEMPATH\rewrite.php(44): require_once('C:\\xampp\\htdocs\\MemberCreation\\public\\index.php')
DEBUG - 2026-02-16 10:02:03 --> Session: Class initialized using 'CodeIgniter\Session\Handlers\FileHandler' driver.
WARNING - 2026-02-16 10:02:03 --> [DEPRECATED] Creation of dynamic property App\Controllers\Member::$pincodeModel is deprecated in APPPATH\Controllers\Member.php on line 18.
 1 SYSTEMPATH\CodeIgniter.php(921): App\Controllers\Member->__construct()
 2 SYSTEMPATH\CodeIgniter.php(488): CodeIgniter\CodeIgniter->createController()
 3 SYSTEMPATH\CodeIgniter.php(340): CodeIgniter\CodeIgniter->handleRequest(null, Object(Config\Cache), false)
 4 SYSTEMPATH\Boot.php(417): CodeIgniter\CodeIgniter->run()
 5 SYSTEMPATH\Boot.php(68): CodeIgniter\Boot::runCodeIgniter(Object(CodeIgniter\CodeIgniter))
 6 FCPATH\index.php(59): CodeIgniter\Boot::bootWeb(Object(Config\Paths))
 7 SYSTEMPATH\rewrite.php(44): require_once('C:\\xampp\\htdocs\\MemberCreation\\public\\index.php')
DEBUG - 2026-02-16 10:03:11 --> Session: Class initialized using 'CodeIgniter\Session\Handlers\FileHandler' driver.
WARNING - 2026-02-16 10:03:11 --> [DEPRECATED] Creation of dynamic property App\Controllers\Member::$pincodeModel is deprecated in APPPATH\Controllers\Member.php on line 18.
 1 SYSTEMPATH\CodeIgniter.php(921): App\Controllers\Member->__construct()
 2 SYSTEMPATH\CodeIgniter.php(488): CodeIgniter\CodeIgniter->createController()
 3 SYSTEMPATH\CodeIgniter.php(340): CodeIgniter\CodeIgniter->handleRequest(null, Object(Config\Cache), false)
 4 SYSTEMPATH\Boot.php(417): CodeIgniter\CodeIgniter->run()
 5 SYSTEMPATH\Boot.php(68): CodeIgniter\Boot::runCodeIgniter(Object(CodeIgniter\CodeIgniter))
 6 FCPATH\index.php(59): CodeIgniter\Boot::bootWeb(Object(Config\Paths))
 7 SYSTEMPATH\rewrite.php(44): require_once('C:\\xampp\\htdocs\\MemberCreation\\public\\index.php')
DEBUG - 2026-02-16 10:03:12 --> Session: Class initialized using 'CodeIgniter\Session\Handlers\FileHandler' driver.
WARNING - 2026-02-16 10:03:12 --> [DEPRECATED] Creation of dynamic property App\Controllers\Member::$pincodeModel is deprecated in APPPATH\Controllers\Member.php on line 18.
 1 SYSTEMPATH\CodeIgniter.php(921): App\Controllers\Member->__construct()
 2 SYSTEMPATH\CodeIgniter.php(488): CodeIgniter\CodeIgniter->createController()
 3 SYSTEMPATH\CodeIgniter.php(340): CodeIgniter\CodeIgniter->handleRequest(null, Object(Config\Cache), false)
 4 SYSTEMPATH\Boot.php(417): CodeIgniter\CodeIgniter->run()
 5 SYSTEMPATH\Boot.php(68): CodeIgniter\Boot::runCodeIgniter(Object(CodeIgniter\CodeIgniter))
 6 FCPATH\index.php(59): CodeIgniter\Boot::bootWeb(Object(Config\Paths))
 7 SYSTEMPATH\rewrite.php(44): require_once('C:\\xampp\\htdocs\\MemberCreation\\public\\index.php')
DEBUG - 2026-02-16 10:03:13 --> Session: Class initialized using 'CodeIgniter\Session\Handlers\FileHandler' driver.
WARNING - 2026-02-16 10:03:13 --> [DEPRECATED] Creation of dynamic property App\Controllers\Member::$pincodeModel is deprecated in APPPATH\Controllers\Member.php on line 18.
 1 SYSTEMPATH\CodeIgniter.php(921): App\Controllers\Member->__construct()
 2 SYSTEMPATH\CodeIgniter.php(488): CodeIgniter\CodeIgniter->createController()
 3 SYSTEMPATH\CodeIgniter.php(340): CodeIgniter\CodeIgniter->handleRequest(null, Object(Config\Cache), false)
 4 SYSTEMPATH\Boot.php(417): CodeIgniter\CodeIgniter->run()
 5 SYSTEMPATH\Boot.php(68): CodeIgniter\Boot::runCodeIgniter(Object(CodeIgniter\CodeIgniter))
 6 FCPATH\index.php(59): CodeIgniter\Boot::bootWeb(Object(Config\Paths))
 7 SYSTEMPATH\rewrite.php(44): require_once('C:\\xampp\\htdocs\\MemberCreation\\public\\index.php')
DEBUG - 2026-02-16 10:03:13 --> Session: Class initialized using 'CodeIgniter\Session\Handlers\FileHandler' driver.
WARNING - 2026-02-16 10:03:13 --> [DEPRECATED] Creation of dynamic property App\Controllers\Member::$pincodeModel is deprecated in APPPATH\Controllers\Member.php on line 18.
 1 SYSTEMPATH\CodeIgniter.php(921): App\Controllers\Member->__construct()
 2 SYSTEMPATH\CodeIgniter.php(488): CodeIgniter\CodeIgniter->createController()
 3 SYSTEMPATH\CodeIgniter.php(340): CodeIgniter\CodeIgniter->handleRequest(null, Object(Config\Cache), false)
 4 SYSTEMPATH\Boot.php(417): CodeIgniter\CodeIgniter->run()
 5 SYSTEMPATH\Boot.php(68): CodeIgniter\Boot::runCodeIgniter(Object(CodeIgniter\CodeIgniter))
 6 FCPATH\index.php(59): CodeIgniter\Boot::bootWeb(Object(Config\Paths))
 7 SYSTEMPATH\rewrite.php(44): require_once('C:\\xampp\\htdocs\\MemberCreation\\public\\index.php')
DEBUG - 2026-02-16 10:03:19 --> Session: Class initialized using 'CodeIgniter\Session\Handlers\FileHandler' driver.
WARNING - 2026-02-16 10:03:19 --> [DEPRECATED] Creation of dynamic property App\Controllers\Member::$pincodeModel is deprecated in APPPATH\Controllers\Member.php on line 18.
 1 SYSTEMPATH\CodeIgniter.php(921): App\Controllers\Member->__construct()
 2 SYSTEMPATH\CodeIgniter.php(488): CodeIgniter\CodeIgniter->createController()
 3 SYSTEMPATH\CodeIgniter.php(340): CodeIgniter\CodeIgniter->handleRequest(null, Object(Config\Cache), false)
 4 SYSTEMPATH\Boot.php(417): CodeIgniter\CodeIgniter->run()
 5 SYSTEMPATH\Boot.php(68): CodeIgniter\Boot::runCodeIgniter(Object(CodeIgniter\CodeIgniter))
 6 FCPATH\index.php(59): CodeIgniter\Boot::bootWeb(Object(Config\Paths))
 7 SYSTEMPATH\rewrite.php(44): require_once('C:\\xampp\\htdocs\\MemberCreation\\public\\index.php')
DEBUG - 2026-02-16 10:05:10 --> Session: Class initialized using 'CodeIgniter\Session\Handlers\FileHandler' driver.
WARNING - 2026-02-16 10:05:10 --> [DEPRECATED] Creation of dynamic property App\Controllers\Member::$pincodeModel is deprecated in APPPATH\Controllers\Member.php on line 18.
 1 SYSTEMPATH\CodeIgniter.php(921): App\Controllers\Member->__construct()
 2 SYSTEMPATH\CodeIgniter.php(488): CodeIgniter\CodeIgniter->createController()
 3 SYSTEMPATH\CodeIgniter.php(340): CodeIgniter\CodeIgniter->handleRequest(null, Object(Config\Cache), false)
 4 SYSTEMPATH\Boot.php(417): CodeIgniter\CodeIgniter->run()
 5 SYSTEMPATH\Boot.php(68): CodeIgniter\Boot::runCodeIgniter(Object(CodeIgniter\CodeIgniter))
 6 FCPATH\index.php(59): CodeIgniter\Boot::bootWeb(Object(Config\Paths))
 7 SYSTEMPATH\rewrite.php(44): require_once('C:\\xampp\\htdocs\\MemberCreation\\public\\index.php')
DEBUG - 2026-02-16 10:05:10 --> Session: Class initialized using 'CodeIgniter\Session\Handlers\FileHandler' driver.
WARNING - 2026-02-16 10:05:10 --> [DEPRECATED] Creation of dynamic property App\Controllers\Member::$pincodeModel is deprecated in APPPATH\Controllers\Member.php on line 18.
 1 SYSTEMPATH\CodeIgniter.php(921): App\Controllers\Member->__construct()
 2 SYSTEMPATH\CodeIgniter.php(488): CodeIgniter\CodeIgniter->createController()
 3 SYSTEMPATH\CodeIgniter.php(340): CodeIgniter\CodeIgniter->handleRequest(null, Object(Config\Cache), false)
 4 SYSTEMPATH\Boot.php(417): CodeIgniter\CodeIgniter->run()
 5 SYSTEMPATH\Boot.php(68): CodeIgniter\Boot::runCodeIgniter(Object(CodeIgniter\CodeIgniter))
 6 FCPATH\index.php(59): CodeIgniter\Boot::bootWeb(Object(Config\Paths))
 7 SYSTEMPATH\rewrite.php(44): require_once('C:\\xampp\\htdocs\\MemberCreation\\public\\index.php')
DEBUG - 2026-02-16 10:05:11 --> Session: Class initialized using 'CodeIgniter\Session\Handlers\FileHandler' driver.
WARNING - 2026-02-16 10:05:11 --> [DEPRECATED] Creation of dynamic property App\Controllers\Member::$pincodeModel is deprecated in APPPATH\Controllers\Member.php on line 18.
 1 SYSTEMPATH\CodeIgniter.php(921): App\Controllers\Member->__construct()
 2 SYSTEMPATH\CodeIgniter.php(488): CodeIgniter\CodeIgniter->createController()
 3 SYSTEMPATH\CodeIgniter.php(340): CodeIgniter\CodeIgniter->handleRequest(null, Object(Config\Cache), false)
 4 SYSTEMPATH\Boot.php(417): CodeIgniter\CodeIgniter->run()
 5 SYSTEMPATH\Boot.php(68): CodeIgniter\Boot::runCodeIgniter(Object(CodeIgniter\CodeIgniter))
 6 FCPATH\index.php(59): CodeIgniter\Boot::bootWeb(Object(Config\Paths))
 7 SYSTEMPATH\rewrite.php(44): require_once('C:\\xampp\\htdocs\\MemberCreation\\public\\index.php')
DEBUG - 2026-02-16 10:05:11 --> Session: Class initialized using 'CodeIgniter\Session\Handlers\FileHandler' driver.
WARNING - 2026-02-16 10:05:11 --> [DEPRECATED] Creation of dynamic property App\Controllers\Member::$pincodeModel is deprecated in APPPATH\Controllers\Member.php on line 18.
 1 SYSTEMPATH\CodeIgniter.php(921): App\Controllers\Member->__construct()
 2 SYSTEMPATH\CodeIgniter.php(488): CodeIgniter\CodeIgniter->createController()
 3 SYSTEMPATH\CodeIgniter.php(340): CodeIgniter\CodeIgniter->handleRequest(null, Object(Config\Cache), false)
 4 SYSTEMPATH\Boot.php(417): CodeIgniter\CodeIgniter->run()
 5 SYSTEMPATH\Boot.php(68): CodeIgniter\Boot::runCodeIgniter(Object(CodeIgniter\CodeIgniter))
 6 FCPATH\index.php(59): CodeIgniter\Boot::bootWeb(Object(Config\Paths))
 7 SYSTEMPATH\rewrite.php(44): require_once('C:\\xampp\\htdocs\\MemberCreation\\public\\index.php')
DEBUG - 2026-02-16 10:05:12 --> Session: Class initialized using 'CodeIgniter\Session\Handlers\FileHandler' driver.
WARNING - 2026-02-16 10:05:12 --> [DEPRECATED] Creation of dynamic property App\Controllers\Member::$pincodeModel is deprecated in APPPATH\Controllers\Member.php on line 18.
 1 SYSTEMPATH\CodeIgniter.php(921): App\Controllers\Member->__construct()
 2 SYSTEMPATH\CodeIgniter.php(488): CodeIgniter\CodeIgniter->createController()
 3 SYSTEMPATH\CodeIgniter.php(340): CodeIgniter\CodeIgniter->handleRequest(null, Object(Config\Cache), false)
 4 SYSTEMPATH\Boot.php(417): CodeIgniter\CodeIgniter->run()
 5 SYSTEMPATH\Boot.php(68): CodeIgniter\Boot::runCodeIgniter(Object(CodeIgniter\CodeIgniter))
 6 FCPATH\index.php(59): CodeIgniter\Boot::bootWeb(Object(Config\Paths))
 7 SYSTEMPATH\rewrite.php(44): require_once('C:\\xampp\\htdocs\\MemberCreation\\public\\index.php')
DEBUG - 2026-02-16 10:05:27 --> Session: Class initialized using 'CodeIgniter\Session\Handlers\FileHandler' driver.
WARNING - 2026-02-16 10:05:27 --> [DEPRECATED] Creation of dynamic property App\Controllers\Member::$pincodeModel is deprecated in APPPATH\Controllers\Member.php on line 18.
 1 SYSTEMPATH\CodeIgniter.php(921): App\Controllers\Member->__construct()
 2 SYSTEMPATH\CodeIgniter.php(488): CodeIgniter\CodeIgniter->createController()
 3 SYSTEMPATH\CodeIgniter.php(340): CodeIgniter\CodeIgniter->handleRequest(null, Object(Config\Cache), false)
 4 SYSTEMPATH\Boot.php(417): CodeIgniter\CodeIgniter->run()
 5 SYSTEMPATH\Boot.php(68): CodeIgniter\Boot::runCodeIgniter(Object(CodeIgniter\CodeIgniter))
 6 FCPATH\index.php(59): CodeIgniter\Boot::bootWeb(Object(Config\Paths))
 7 SYSTEMPATH\rewrite.php(44): require_once('C:\\xampp\\htdocs\\MemberCreation\\public\\index.php')
ERROR - 2026-02-16 10:05:27 --> Duplicate entry 'CUST005' for key 'customer_id'
in SYSTEMPATH\Database\MySQLi\Connection.php on line 300.
 1 SYSTEMPATH\Database\MySQLi\Connection.php(300): mysqli->query('INSERT INTO `members` (`customer_id`, `member_code`, `title`, `name`, `father`, `residential_address`, `mobile`, `email`, `permanent_address`, `pincode`, `area`, `city`, `country`, `dob`, `age`, `gender`, `occupation`, `religion`, `caste`, `adhar`, `pan`, `voter`, `marital_status`, `dl_no`, `gst_no`, `passport_no`, `gas_consumer_no`, `gas_company`, `property_details`, `nominee_name`, `nominee_father`, `nominee_gender`, `nominee_relation`, `nominee_adhar`, `nominee_address`, `nominee_other_details`, `nominee_age`, `nominee_mobile`, `dcc_adb_bankname`, `dcc_adb_accountnumber`, `dcc_adb_ifsccode`, `dcc_adb_branchname`, `dcc_adb_rupaycard`, `dcc_adb_cheque`, `other_bankname`, `other_accountnumber`, `other_ifsccode`, `other_branchname`, `other_rupaycard`, `other_cheque`, `photo`, `signature`) VALUES (\'CUST005\', \'65346\', \'Mr\', \'BASAVARAJA\', \'SHARANAPPA\', \'AGOLI\', \'7789965556\', \'kkkaafiahf@gmail.com\', \'AGOLI\', \'583235\', \'Agoli B.O\', \'GANGAVATHI\', \'India\', \'2000-11-03\', \'25\', \'Male\', \'ENGINEER\', \'HINDU\', \'LINGAYAT\', \'564666526566\', \'ABCDR1234F\', \'5623456589\', \'Single\', \'6523546455\', \'658565264565866\', \'65586545\', \'6885697564\', \'HP\', \'NOT APPLICABLE\', \'SHARANAPPA\', \'SHEKHARAPPA\', \'Male\', \'Father\', \'654552664545\', \'AGOLI\', \'NOT APPLICABLE\', \'48\', \'6595898755\', \'\', \'\', \'\', \'\', \'no\', \'no\', \'\', \'\', \'\', \'\', \'no\', \'no\', \'1771236327_2608bef81ea565b45e19.jpeg\', \'1771236327_162728ead5058b355d02.jpeg\')', 0)
 2 SYSTEMPATH\Database\BaseConnection.php(769): CodeIgniter\Database\MySQLi\Connection->execute('INSERT INTO `members` (`customer_id`, `member_code`, `title`, `name`, `father`, `residential_address`, `mobile`, `email`, `permanent_address`, `pincode`, `area`, `city`, `country`, `dob`, `age`, `gender`, `occupation`, `religion`, `caste`, `adhar`, `pan`, `voter`, `marital_status`, `dl_no`, `gst_no`, `passport_no`, `gas_consumer_no`, `gas_company`, `property_details`, `nominee_name`, `nominee_father`, `nominee_gender`, `nominee_relation`, `nominee_adhar`, `nominee_address`, `nominee_other_details`, `nominee_age`, `nominee_mobile`, `dcc_adb_bankname`, `dcc_adb_accountnumber`, `dcc_adb_ifsccode`, `dcc_adb_branchname`, `dcc_adb_rupaycard`, `dcc_adb_cheque`, `other_bankname`, `other_accountnumber`, `other_ifsccode`, `other_branchname`, `other_rupaycard`, `other_cheque`, `photo`, `signature`) VALUES (\'CUST005\', \'65346\', \'Mr\', \'BASAVARAJA\', \'SHARANAPPA\', \'AGOLI\', \'7789965556\', \'kkkaafiahf@gmail.com\', \'AGOLI\', \'583235\', \'Agoli B.O\', \'GANGAVATHI\', \'India\', \'2000-11-03\', \'25\', \'Male\', \'ENGINEER\', \'HINDU\', \'LINGAYAT\', \'564666526566\', \'ABCDR1234F\', \'5623456589\', \'Single\', \'6523546455\', \'658565264565866\', \'65586545\', \'6885697564\', \'HP\', \'NOT APPLICABLE\', \'SHARANAPPA\', \'SHEKHARAPPA\', \'Male\', \'Father\', \'654552664545\', \'AGOLI\', \'NOT APPLICABLE\', \'48\', \'6595898755\', \'\', \'\', \'\', \'\', \'no\', \'no\', \'\', \'\', \'\', \'\', \'no\', \'no\', \'1771236327_2608bef81ea565b45e19.jpeg\', \'1771236327_162728ead5058b355d02.jpeg\')')
 3 SYSTEMPATH\Database\BaseConnection.php(686): CodeIgniter\Database\BaseConnection->simpleQuery('INSERT INTO `members` (`customer_id`, `member_code`, `title`, `name`, `father`, `residential_address`, `mobile`, `email`, `permanent_address`, `pincode`, `area`, `city`, `country`, `dob`, `age`, `gender`, `occupation`, `religion`, `caste`, `adhar`, `pan`, `voter`, `marital_status`, `dl_no`, `gst_no`, `passport_no`, `gas_consumer_no`, `gas_company`, `property_details`, `nominee_name`, `nominee_father`, `nominee_gender`, `nominee_relation`, `nominee_adhar`, `nominee_address`, `nominee_other_details`, `nominee_age`, `nominee_mobile`, `dcc_adb_bankname`, `dcc_adb_accountnumber`, `dcc_adb_ifsccode`, `dcc_adb_branchname`, `dcc_adb_rupaycard`, `dcc_adb_cheque`, `other_bankname`, `other_accountnumber`, `other_ifsccode`, `other_branchname`, `other_rupaycard`, `other_cheque`, `photo`, `signature`) VALUES (\'CUST005\', \'65346\', \'Mr\', \'BASAVARAJA\', \'SHARANAPPA\', \'AGOLI\', \'7789965556\', \'kkkaafiahf@gmail.com\', \'AGOLI\', \'583235\', \'Agoli B.O\', \'GANGAVATHI\', \'India\', \'2000-11-03\', \'25\', \'Male\', \'ENGINEER\', \'HINDU\', \'LINGAYAT\', \'564666526566\', \'ABCDR1234F\', \'5623456589\', \'Single\', \'6523546455\', \'658565264565866\', \'65586545\', \'6885697564\', \'HP\', \'NOT APPLICABLE\', \'SHARANAPPA\', \'SHEKHARAPPA\', \'Male\', \'Father\', \'654552664545\', \'AGOLI\', \'NOT APPLICABLE\', \'48\', \'6595898755\', \'\', \'\', \'\', \'\', \'no\', \'no\', \'\', \'\', \'\', \'\', \'no\', \'no\', \'1771236327_2608bef81ea565b45e19.jpeg\', \'1771236327_162728ead5058b355d02.jpeg\')')
 4 SYSTEMPATH\Database\BaseBuilder.php(2345): CodeIgniter\Database\BaseConnection->query('INSERT INTO `members` (`customer_id`, `member_code`, `title`, `name`, `father`, `residential_address`, `mobile`, `email`, `permanent_address`, `pincode`, `area`, `city`, `country`, `dob`, `age`, `gender`, `occupation`, `religion`, `caste`, `adhar`, `pan`, `voter`, `marital_status`, `dl_no`, `gst_no`, `passport_no`, `gas_consumer_no`, `gas_company`, `property_details`, `nominee_name`, `nominee_father`, `nominee_gender`, `nominee_relation`, `nominee_adhar`, `nominee_address`, `nominee_other_details`, `nominee_age`, `nominee_mobile`, `dcc_adb_bankname`, `dcc_adb_accountnumber`, `dcc_adb_ifsccode`, `dcc_adb_branchname`, `dcc_adb_rupaycard`, `dcc_adb_cheque`, `other_bankname`, `other_accountnumber`, `other_ifsccode`, `other_branchname`, `other_rupaycard`, `other_cheque`, `photo`, `signature`) VALUES (:customer_id:, :member_code:, :title:, :name:, :father:, :residential_address:, :mobile:, :email:, :permanent_address:, :pincode:, :area:, :city:, :country:, :dob:, :age:, :gender:, :occupation:, :religion:, :caste:, :adhar:, :pan:, :voter:, :marital_status:, :dl_no:, :gst_no:, :passport_no:, :gas_consumer_no:, :gas_company:, :property_details:, :nominee_name:, :nominee_father:, :nominee_gender:, :nominee_relation:, :nominee_adhar:, :nominee_address:, :nominee_other_details:, :nominee_age:, :nominee_mobile:, :dcc_adb_bankname:, :dcc_adb_accountnumber:, :dcc_adb_ifsccode:, :dcc_adb_branchname:, :dcc_adb_rupaycard:, :dcc_adb_cheque:, :other_bankname:, :other_accountnumber:, :other_ifsccode:, :other_branchname:, :other_rupaycard:, :other_cheque:, :photo:, :signature:)', [...], false)
 5 SYSTEMPATH\Model.php(356): CodeIgniter\Database\BaseBuilder->insert()
 6 SYSTEMPATH\BaseModel.php(898): CodeIgniter\Model->doInsert([...])
 7 SYSTEMPATH\Model.php(665): CodeIgniter\BaseModel->insert([...], true)
 8 APPPATH\Controllers\Member.php(136): CodeIgniter\Model->insert([...])
 9 SYSTEMPATH\CodeIgniter.php(951): App\Controllers\Member->store()
10 SYSTEMPATH\CodeIgniter.php(497): CodeIgniter\CodeIgniter->runController(Object(App\Controllers\Member))
11 SYSTEMPATH\CodeIgniter.php(340): CodeIgniter\CodeIgniter->handleRequest(null, Object(Config\Cache), false)
12 SYSTEMPATH\Boot.php(417): CodeIgniter\CodeIgniter->run()
13 SYSTEMPATH\Boot.php(68): CodeIgniter\Boot::runCodeIgniter(Object(CodeIgniter\CodeIgniter))
14 FCPATH\index.php(59): CodeIgniter\Boot::bootWeb(Object(Config\Paths))
15 SYSTEMPATH\rewrite.php(44): require_once('C:\\xampp\\htdocs\\MemberCreation\\public\\index.php')
CRITICAL - 2026-02-16 10:05:27 --> CodeIgniter\Database\Exceptions\DatabaseException: Duplicate entry 'CUST005' for key 'customer_id'
[Method: POST, Route: member/store]
in SYSTEMPATH\Database\BaseConnection.php on line 724.
 1 SYSTEMPATH\Database\BaseBuilder.php(2345): CodeIgniter\Database\BaseConnection->query('INSERT INTO `members` (`customer_id`, `member_code`, `title`, `name`, `father`, `residential_address`, `mobile`, `email`, `permanent_address`, `pincode`, `area`, `city`, `country`, `dob`, `age`, `gender`, `occupation`, `religion`, `caste`, `adhar`, `pan`, `voter`, `marital_status`, `dl_no`, `gst_no`, `passport_no`, `gas_consumer_no`, `gas_company`, `property_details`, `nominee_name`, `nominee_father`, `nominee_gender`, `nominee_relation`, `nominee_adhar`, `nominee_address`, `nominee_other_details`, `nominee_age`, `nominee_mobile`, `dcc_adb_bankname`, `dcc_adb_accountnumber`, `dcc_adb_ifsccode`, `dcc_adb_branchname`, `dcc_adb_rupaycard`, `dcc_adb_cheque`, `other_bankname`, `other_accountnumber`, `other_ifsccode`, `other_branchname`, `other_rupaycard`, `other_cheque`, `photo`, `signature`) VALUES (:customer_id:, :member_code:, :title:, :name:, :father:, :residential_address:, :mobile:, :email:, :permanent_address:, :pincode:, :area:, :city:, :country:, :dob:, :age:, :gender:, :occupation:, :religion:, :caste:, :adhar:, :pan:, :voter:, :marital_status:, :dl_no:, :gst_no:, :passport_no:, :gas_consumer_no:, :gas_company:, :property_details:, :nominee_name:, :nominee_father:, :nominee_gender:, :nominee_relation:, :nominee_adhar:, :nominee_address:, :nominee_other_details:, :nominee_age:, :nominee_mobile:, :dcc_adb_bankname:, :dcc_adb_accountnumber:, :dcc_adb_ifsccode:, :dcc_adb_branchname:, :dcc_adb_rupaycard:, :dcc_adb_cheque:, :other_bankname:, :other_accountnumber:, :other_ifsccode:, :other_branchname:, :other_rupaycard:, :other_cheque:, :photo:, :signature:)', [...], false)
 2 SYSTEMPATH\Model.php(356): CodeIgniter\Database\BaseBuilder->insert()
 3 SYSTEMPATH\BaseModel.php(898): CodeIgniter\Model->doInsert([...])
 4 SYSTEMPATH\Model.php(665): CodeIgniter\BaseModel->insert([...], true)
 5 APPPATH\Controllers\Member.php(136): CodeIgniter\Model->insert([...])
 6 SYSTEMPATH\CodeIgniter.php(951): App\Controllers\Member->store()
 7 SYSTEMPATH\CodeIgniter.php(497): CodeIgniter\CodeIgniter->runController(Object(App\Controllers\Member))
 8 SYSTEMPATH\CodeIgniter.php(340): CodeIgniter\CodeIgniter->handleRequest(null, Object(Config\Cache), false)
 9 SYSTEMPATH\Boot.php(417): CodeIgniter\CodeIgniter->run()
10 SYSTEMPATH\Boot.php(68): CodeIgniter\Boot::runCodeIgniter(Object(CodeIgniter\CodeIgniter))
11 FCPATH\index.php(59): CodeIgniter\Boot::bootWeb(Object(Config\Paths))
12 SYSTEMPATH\rewrite.php(44): require_once('C:\\xampp\\htdocs\\MemberCreation\\public\\index.php')
CRITICAL - 2026-02-16 10:05:27 --> [Caused by] CodeIgniter\Database\Exceptions\DatabaseException: Duplicate entry 'CUST005' for key 'customer_id'
in SYSTEMPATH\Database\MySQLi\Connection.php on line 310.
 1 SYSTEMPATH\Database\BaseConnection.php(769): CodeIgniter\Database\MySQLi\Connection->execute('INSERT INTO `members` (`customer_id`, `member_code`, `title`, `name`, `father`, `residential_address`, `mobile`, `email`, `permanent_address`, `pincode`, `area`, `city`, `country`, `dob`, `age`, `gender`, `occupation`, `religion`, `caste`, `adhar`, `pan`, `voter`, `marital_status`, `dl_no`, `gst_no`, `passport_no`, `gas_consumer_no`, `gas_company`, `property_details`, `nominee_name`, `nominee_father`, `nominee_gender`, `nominee_relation`, `nominee_adhar`, `nominee_address`, `nominee_other_details`, `nominee_age`, `nominee_mobile`, `dcc_adb_bankname`, `dcc_adb_accountnumber`, `dcc_adb_ifsccode`, `dcc_adb_branchname`, `dcc_adb_rupaycard`, `dcc_adb_cheque`, `other_bankname`, `other_accountnumber`, `other_ifsccode`, `other_branchname`, `other_rupaycard`, `other_cheque`, `photo`, `signature`) VALUES (\'CUST005\', \'65346\', \'Mr\', \'BASAVARAJA\', \'SHARANAPPA\', \'AGOLI\', \'7789965556\', \'kkkaafiahf@gmail.com\', \'AGOLI\', \'583235\', \'Agoli B.O\', \'GANGAVATHI\', \'India\', \'2000-11-03\', \'25\', \'Male\', \'ENGINEER\', \'HINDU\', \'LINGAYAT\', \'564666526566\', \'ABCDR1234F\', \'5623456589\', \'Single\', \'6523546455\', \'658565264565866\', \'65586545\', \'6885697564\', \'HP\', \'NOT APPLICABLE\', \'SHARANAPPA\', \'SHEKHARAPPA\', \'Male\', \'Father\', \'654552664545\', \'AGOLI\', \'NOT APPLICABLE\', \'48\', \'6595898755\', \'\', \'\', \'\', \'\', \'no\', \'no\', \'\', \'\', \'\', \'\', \'no\', \'no\', \'1771236327_2608bef81ea565b45e19.jpeg\', \'1771236327_162728ead5058b355d02.jpeg\')')
 2 SYSTEMPATH\Database\BaseConnection.php(686): CodeIgniter\Database\BaseConnection->simpleQuery('INSERT INTO `members` (`customer_id`, `member_code`, `title`, `name`, `father`, `residential_address`, `mobile`, `email`, `permanent_address`, `pincode`, `area`, `city`, `country`, `dob`, `age`, `gender`, `occupation`, `religion`, `caste`, `adhar`, `pan`, `voter`, `marital_status`, `dl_no`, `gst_no`, `passport_no`, `gas_consumer_no`, `gas_company`, `property_details`, `nominee_name`, `nominee_father`, `nominee_gender`, `nominee_relation`, `nominee_adhar`, `nominee_address`, `nominee_other_details`, `nominee_age`, `nominee_mobile`, `dcc_adb_bankname`, `dcc_adb_accountnumber`, `dcc_adb_ifsccode`, `dcc_adb_branchname`, `dcc_adb_rupaycard`, `dcc_adb_cheque`, `other_bankname`, `other_accountnumber`, `other_ifsccode`, `other_branchname`, `other_rupaycard`, `other_cheque`, `photo`, `signature`) VALUES (\'CUST005\', \'65346\', \'Mr\', \'BASAVARAJA\', \'SHARANAPPA\', \'AGOLI\', \'7789965556\', \'kkkaafiahf@gmail.com\', \'AGOLI\', \'583235\', \'Agoli B.O\', \'GANGAVATHI\', \'India\', \'2000-11-03\', \'25\', \'Male\', \'ENGINEER\', \'HINDU\', \'LINGAYAT\', \'564666526566\', \'ABCDR1234F\', \'5623456589\', \'Single\', \'6523546455\', \'658565264565866\', \'65586545\', \'6885697564\', \'HP\', \'NOT APPLICABLE\', \'SHARANAPPA\', \'SHEKHARAPPA\', \'Male\', \'Father\', \'654552664545\', \'AGOLI\', \'NOT APPLICABLE\', \'48\', \'6595898755\', \'\', \'\', \'\', \'\', \'no\', \'no\', \'\', \'\', \'\', \'\', \'no\', \'no\', \'1771236327_2608bef81ea565b45e19.jpeg\', \'1771236327_162728ead5058b355d02.jpeg\')')
 3 SYSTEMPATH\Database\BaseBuilder.php(2345): CodeIgniter\Database\BaseConnection->query('INSERT INTO `members` (`customer_id`, `member_code`, `title`, `name`, `father`, `residential_address`, `mobile`, `email`, `permanent_address`, `pincode`, `area`, `city`, `country`, `dob`, `age`, `gender`, `occupation`, `religion`, `caste`, `adhar`, `pan`, `voter`, `marital_status`, `dl_no`, `gst_no`, `passport_no`, `gas_consumer_no`, `gas_company`, `property_details`, `nominee_name`, `nominee_father`, `nominee_gender`, `nominee_relation`, `nominee_adhar`, `nominee_address`, `nominee_other_details`, `nominee_age`, `nominee_mobile`, `dcc_adb_bankname`, `dcc_adb_accountnumber`, `dcc_adb_ifsccode`, `dcc_adb_branchname`, `dcc_adb_rupaycard`, `dcc_adb_cheque`, `other_bankname`, `other_accountnumber`, `other_ifsccode`, `other_branchname`, `other_rupaycard`, `other_cheque`, `photo`, `signature`) VALUES (:customer_id:, :member_code:, :title:, :name:, :father:, :residential_address:, :mobile:, :email:, :permanent_address:, :pincode:, :area:, :city:, :country:, :dob:, :age:, :gender:, :occupation:, :religion:, :caste:, :adhar:, :pan:, :voter:, :marital_status:, :dl_no:, :gst_no:, :passport_no:, :gas_consumer_no:, :gas_company:, :property_details:, :nominee_name:, :nominee_father:, :nominee_gender:, :nominee_relation:, :nominee_adhar:, :nominee_address:, :nominee_other_details:, :nominee_age:, :nominee_mobile:, :dcc_adb_bankname:, :dcc_adb_accountnumber:, :dcc_adb_ifsccode:, :dcc_adb_branchname:, :dcc_adb_rupaycard:, :dcc_adb_cheque:, :other_bankname:, :other_accountnumber:, :other_ifsccode:, :other_branchname:, :other_rupaycard:, :other_cheque:, :photo:, :signature:)', [...], false)
 4 SYSTEMPATH\Model.php(356): CodeIgniter\Database\BaseBuilder->insert()
 5 SYSTEMPATH\BaseModel.php(898): CodeIgniter\Model->doInsert([...])
 6 SYSTEMPATH\Model.php(665): CodeIgniter\BaseModel->insert([...], true)
 7 APPPATH\Controllers\Member.php(136): CodeIgniter\Model->insert([...])
 8 SYSTEMPATH\CodeIgniter.php(951): App\Controllers\Member->store()
 9 SYSTEMPATH\CodeIgniter.php(497): CodeIgniter\CodeIgniter->runController(Object(App\Controllers\Member))
10 SYSTEMPATH\CodeIgniter.php(340): CodeIgniter\CodeIgniter->handleRequest(null, Object(Config\Cache), false)
11 SYSTEMPATH\Boot.php(417): CodeIgniter\CodeIgniter->run()
12 SYSTEMPATH\Boot.php(68): CodeIgniter\Boot::runCodeIgniter(Object(CodeIgniter\CodeIgniter))
13 FCPATH\index.php(59): CodeIgniter\Boot::bootWeb(Object(Config\Paths))
14 SYSTEMPATH\rewrite.php(44): require_once('C:\\xampp\\htdocs\\MemberCreation\\public\\index.php')
CRITICAL - 2026-02-16 10:05:27 --> [Caused by] mysqli_sql_exception: Duplicate entry 'CUST005' for key 'customer_id'
in SYSTEMPATH\Database\MySQLi\Connection.php on line 300.
 1 SYSTEMPATH\Database\MySQLi\Connection.php(300): mysqli->query('INSERT INTO `members` (`customer_id`, `member_code`, `title`, `name`, `father`, `residential_address`, `mobile`, `email`, `permanent_address`, `pincode`, `area`, `city`, `country`, `dob`, `age`, `gender`, `occupation`, `religion`, `caste`, `adhar`, `pan`, `voter`, `marital_status`, `dl_no`, `gst_no`, `passport_no`, `gas_consumer_no`, `gas_company`, `property_details`, `nominee_name`, `nominee_father`, `nominee_gender`, `nominee_relation`, `nominee_adhar`, `nominee_address`, `nominee_other_details`, `nominee_age`, `nominee_mobile`, `dcc_adb_bankname`, `dcc_adb_accountnumber`, `dcc_adb_ifsccode`, `dcc_adb_branchname`, `dcc_adb_rupaycard`, `dcc_adb_cheque`, `other_bankname`, `other_accountnumber`, `other_ifsccode`, `other_branchname`, `other_rupaycard`, `other_cheque`, `photo`, `signature`) VALUES (\'CUST005\', \'65346\', \'Mr\', \'BASAVARAJA\', \'SHARANAPPA\', \'AGOLI\', \'7789965556\', \'kkkaafiahf@gmail.com\', \'AGOLI\', \'583235\', \'Agoli B.O\', \'GANGAVATHI\', \'India\', \'2000-11-03\', \'25\', \'Male\', \'ENGINEER\', \'HINDU\', \'LINGAYAT\', \'564666526566\', \'ABCDR1234F\', \'5623456589\', \'Single\', \'6523546455\', \'658565264565866\', \'65586545\', \'6885697564\', \'HP\', \'NOT APPLICABLE\', \'SHARANAPPA\', \'SHEKHARAPPA\', \'Male\', \'Father\', \'654552664545\', \'AGOLI\', \'NOT APPLICABLE\', \'48\', \'6595898755\', \'\', \'\', \'\', \'\', \'no\', \'no\', \'\', \'\', \'\', \'\', \'no\', \'no\', \'1771236327_2608bef81ea565b45e19.jpeg\', \'1771236327_162728ead5058b355d02.jpeg\')', 0)
 2 SYSTEMPATH\Database\BaseConnection.php(769): CodeIgniter\Database\MySQLi\Connection->execute('INSERT INTO `members` (`customer_id`, `member_code`, `title`, `name`, `father`, `residential_address`, `mobile`, `email`, `permanent_address`, `pincode`, `area`, `city`, `country`, `dob`, `age`, `gender`, `occupation`, `religion`, `caste`, `adhar`, `pan`, `voter`, `marital_status`, `dl_no`, `gst_no`, `passport_no`, `gas_consumer_no`, `gas_company`, `property_details`, `nominee_name`, `nominee_father`, `nominee_gender`, `nominee_relation`, `nominee_adhar`, `nominee_address`, `nominee_other_details`, `nominee_age`, `nominee_mobile`, `dcc_adb_bankname`, `dcc_adb_accountnumber`, `dcc_adb_ifsccode`, `dcc_adb_branchname`, `dcc_adb_rupaycard`, `dcc_adb_cheque`, `other_bankname`, `other_accountnumber`, `other_ifsccode`, `other_branchname`, `other_rupaycard`, `other_cheque`, `photo`, `signature`) VALUES (\'CUST005\', \'65346\', \'Mr\', \'BASAVARAJA\', \'SHARANAPPA\', \'AGOLI\', \'7789965556\', \'kkkaafiahf@gmail.com\', \'AGOLI\', \'583235\', \'Agoli B.O\', \'GANGAVATHI\', \'India\', \'2000-11-03\', \'25\', \'Male\', \'ENGINEER\', \'HINDU\', \'LINGAYAT\', \'564666526566\', \'ABCDR1234F\', \'5623456589\', \'Single\', \'6523546455\', \'658565264565866\', \'65586545\', \'6885697564\', \'HP\', \'NOT APPLICABLE\', \'SHARANAPPA\', \'SHEKHARAPPA\', \'Male\', \'Father\', \'654552664545\', \'AGOLI\', \'NOT APPLICABLE\', \'48\', \'6595898755\', \'\', \'\', \'\', \'\', \'no\', \'no\', \'\', \'\', \'\', \'\', \'no\', \'no\', \'1771236327_2608bef81ea565b45e19.jpeg\', \'1771236327_162728ead5058b355d02.jpeg\')')
 3 SYSTEMPATH\Database\BaseConnection.php(686): CodeIgniter\Database\BaseConnection->simpleQuery('INSERT INTO `members` (`customer_id`, `member_code`, `title`, `name`, `father`, `residential_address`, `mobile`, `email`, `permanent_address`, `pincode`, `area`, `city`, `country`, `dob`, `age`, `gender`, `occupation`, `religion`, `caste`, `adhar`, `pan`, `voter`, `marital_status`, `dl_no`, `gst_no`, `passport_no`, `gas_consumer_no`, `gas_company`, `property_details`, `nominee_name`, `nominee_father`, `nominee_gender`, `nominee_relation`, `nominee_adhar`, `nominee_address`, `nominee_other_details`, `nominee_age`, `nominee_mobile`, `dcc_adb_bankname`, `dcc_adb_accountnumber`, `dcc_adb_ifsccode`, `dcc_adb_branchname`, `dcc_adb_rupaycard`, `dcc_adb_cheque`, `other_bankname`, `other_accountnumber`, `other_ifsccode`, `other_branchname`, `other_rupaycard`, `other_cheque`, `photo`, `signature`) VALUES (\'CUST005\', \'65346\', \'Mr\', \'BASAVARAJA\', \'SHARANAPPA\', \'AGOLI\', \'7789965556\', \'kkkaafiahf@gmail.com\', \'AGOLI\', \'583235\', \'Agoli B.O\', \'GANGAVATHI\', \'India\', \'2000-11-03\', \'25\', \'Male\', \'ENGINEER\', \'HINDU\', \'LINGAYAT\', \'564666526566\', \'ABCDR1234F\', \'5623456589\', \'Single\', \'6523546455\', \'658565264565866\', \'65586545\', \'6885697564\', \'HP\', \'NOT APPLICABLE\', \'SHARANAPPA\', \'SHEKHARAPPA\', \'Male\', \'Father\', \'654552664545\', \'AGOLI\', \'NOT APPLICABLE\', \'48\', \'6595898755\', \'\', \'\', \'\', \'\', \'no\', \'no\', \'\', \'\', \'\', \'\', \'no\', \'no\', \'1771236327_2608bef81ea565b45e19.jpeg\', \'1771236327_162728ead5058b355d02.jpeg\')')
 4 SYSTEMPATH\Database\BaseBuilder.php(2345): CodeIgniter\Database\BaseConnection->query('INSERT INTO `members` (`customer_id`, `member_code`, `title`, `name`, `father`, `residential_address`, `mobile`, `email`, `permanent_address`, `pincode`, `area`, `city`, `country`, `dob`, `age`, `gender`, `occupation`, `religion`, `caste`, `adhar`, `pan`, `voter`, `marital_status`, `dl_no`, `gst_no`, `passport_no`, `gas_consumer_no`, `gas_company`, `property_details`, `nominee_name`, `nominee_father`, `nominee_gender`, `nominee_relation`, `nominee_adhar`, `nominee_address`, `nominee_other_details`, `nominee_age`, `nominee_mobile`, `dcc_adb_bankname`, `dcc_adb_accountnumber`, `dcc_adb_ifsccode`, `dcc_adb_branchname`, `dcc_adb_rupaycard`, `dcc_adb_cheque`, `other_bankname`, `other_accountnumber`, `other_ifsccode`, `other_branchname`, `other_rupaycard`, `other_cheque`, `photo`, `signature`) VALUES (:customer_id:, :member_code:, :title:, :name:, :father:, :residential_address:, :mobile:, :email:, :permanent_address:, :pincode:, :area:, :city:, :country:, :dob:, :age:, :gender:, :occupation:, :religion:, :caste:, :adhar:, :pan:, :voter:, :marital_status:, :dl_no:, :gst_no:, :passport_no:, :gas_consumer_no:, :gas_company:, :property_details:, :nominee_name:, :nominee_father:, :nominee_gender:, :nominee_relation:, :nominee_adhar:, :nominee_address:, :nominee_other_details:, :nominee_age:, :nominee_mobile:, :dcc_adb_bankname:, :dcc_adb_accountnumber:, :dcc_adb_ifsccode:, :dcc_adb_branchname:, :dcc_adb_rupaycard:, :dcc_adb_cheque:, :other_bankname:, :other_accountnumber:, :other_ifsccode:, :other_branchname:, :other_rupaycard:, :other_cheque:, :photo:, :signature:)', [...], false)
 5 SYSTEMPATH\Model.php(356): CodeIgniter\Database\BaseBuilder->insert()
 6 SYSTEMPATH\BaseModel.php(898): CodeIgniter\Model->doInsert([...])
 7 SYSTEMPATH\Model.php(665): CodeIgniter\BaseModel->insert([...], true)
 8 APPPATH\Controllers\Member.php(136): CodeIgniter\Model->insert([...])
 9 SYSTEMPATH\CodeIgniter.php(951): App\Controllers\Member->store()
10 SYSTEMPATH\CodeIgniter.php(497): CodeIgniter\CodeIgniter->runController(Object(App\Controllers\Member))
11 SYSTEMPATH\CodeIgniter.php(340): CodeIgniter\CodeIgniter->handleRequest(null, Object(Config\Cache), false)
12 SYSTEMPATH\Boot.php(417): CodeIgniter\CodeIgniter->run()
13 SYSTEMPATH\Boot.php(68): CodeIgniter\Boot::runCodeIgniter(Object(CodeIgniter\CodeIgniter))
14 FCPATH\index.php(59): CodeIgniter\Boot::bootWeb(Object(Config\Paths))
15 SYSTEMPATH\rewrite.php(44): require_once('C:\\xampp\\htdocs\\MemberCreation\\public\\index.php')
DEBUG - 2026-02-16 10:06:26 --> Session: Class initialized using 'CodeIgniter\Session\Handlers\FileHandler' driver.
WARNING - 2026-02-16 10:06:26 --> [DEPRECATED] Creation of dynamic property App\Controllers\Member::$pincodeModel is deprecated in APPPATH\Controllers\Member.php on line 18.
 1 SYSTEMPATH\CodeIgniter.php(921): App\Controllers\Member->__construct()
 2 SYSTEMPATH\CodeIgniter.php(488): CodeIgniter\CodeIgniter->createController()
 3 SYSTEMPATH\CodeIgniter.php(340): CodeIgniter\CodeIgniter->handleRequest(null, Object(Config\Cache), false)
 4 SYSTEMPATH\Boot.php(417): CodeIgniter\CodeIgniter->run()
 5 SYSTEMPATH\Boot.php(68): CodeIgniter\Boot::runCodeIgniter(Object(CodeIgniter\CodeIgniter))
 6 FCPATH\index.php(59): CodeIgniter\Boot::bootWeb(Object(Config\Paths))
 7 SYSTEMPATH\rewrite.php(44): require_once('C:\\xampp\\htdocs\\MemberCreation\\public\\index.php')
DEBUG - 2026-02-16 10:06:42 --> Session: Class initialized using 'CodeIgniter\Session\Handlers\FileHandler' driver.
WARNING - 2026-02-16 10:06:42 --> [DEPRECATED] Creation of dynamic property App\Controllers\Member::$pincodeModel is deprecated in APPPATH\Controllers\Member.php on line 18.
 1 SYSTEMPATH\CodeIgniter.php(921): App\Controllers\Member->__construct()
 2 SYSTEMPATH\CodeIgniter.php(488): CodeIgniter\CodeIgniter->createController()
 3 SYSTEMPATH\CodeIgniter.php(340): CodeIgniter\CodeIgniter->handleRequest(null, Object(Config\Cache), false)
 4 SYSTEMPATH\Boot.php(417): CodeIgniter\CodeIgniter->run()
 5 SYSTEMPATH\Boot.php(68): CodeIgniter\Boot::runCodeIgniter(Object(CodeIgniter\CodeIgniter))
 6 FCPATH\index.php(59): CodeIgniter\Boot::bootWeb(Object(Config\Paths))
 7 SYSTEMPATH\rewrite.php(44): require_once('C:\\xampp\\htdocs\\MemberCreation\\public\\index.php')
DEBUG - 2026-02-16 10:06:44 --> Session: Class initialized using 'CodeIgniter\Session\Handlers\FileHandler' driver.
WARNING - 2026-02-16 10:06:44 --> [DEPRECATED] Creation of dynamic property App\Controllers\Member::$pincodeModel is deprecated in APPPATH\Controllers\Member.php on line 18.
 1 SYSTEMPATH\CodeIgniter.php(921): App\Controllers\Member->__construct()
 2 SYSTEMPATH\CodeIgniter.php(488): CodeIgniter\CodeIgniter->createController()
 3 SYSTEMPATH\CodeIgniter.php(340): CodeIgniter\CodeIgniter->handleRequest(null, Object(Config\Cache), false)
 4 SYSTEMPATH\Boot.php(417): CodeIgniter\CodeIgniter->run()
 5 SYSTEMPATH\Boot.php(68): CodeIgniter\Boot::runCodeIgniter(Object(CodeIgniter\CodeIgniter))
 6 FCPATH\index.php(59): CodeIgniter\Boot::bootWeb(Object(Config\Paths))
 7 SYSTEMPATH\rewrite.php(44): require_once('C:\\xampp\\htdocs\\MemberCreation\\public\\index.php')
DEBUG - 2026-02-16 10:06:55 --> Session: Class initialized using 'CodeIgniter\Session\Handlers\FileHandler' driver.
WARNING - 2026-02-16 10:06:55 --> [DEPRECATED] Creation of dynamic property App\Controllers\Member::$pincodeModel is deprecated in APPPATH\Controllers\Member.php on line 18.
 1 SYSTEMPATH\CodeIgniter.php(921): App\Controllers\Member->__construct()
 2 SYSTEMPATH\CodeIgniter.php(488): CodeIgniter\CodeIgniter->createController()
 3 SYSTEMPATH\CodeIgniter.php(340): CodeIgniter\CodeIgniter->handleRequest(null, Object(Config\Cache), false)
 4 SYSTEMPATH\Boot.php(417): CodeIgniter\CodeIgniter->run()
 5 SYSTEMPATH\Boot.php(68): CodeIgniter\Boot::runCodeIgniter(Object(CodeIgniter\CodeIgniter))
 6 FCPATH\index.php(59): CodeIgniter\Boot::bootWeb(Object(Config\Paths))
 7 SYSTEMPATH\rewrite.php(44): require_once('C:\\xampp\\htdocs\\MemberCreation\\public\\index.php')
DEBUG - 2026-02-16 10:06:56 --> Session: Class initialized using 'CodeIgniter\Session\Handlers\FileHandler' driver.
WARNING - 2026-02-16 10:06:56 --> [DEPRECATED] Creation of dynamic property App\Controllers\Member::$pincodeModel is deprecated in APPPATH\Controllers\Member.php on line 18.
 1 SYSTEMPATH\CodeIgniter.php(921): App\Controllers\Member->__construct()
 2 SYSTEMPATH\CodeIgniter.php(488): CodeIgniter\CodeIgniter->createController()
 3 SYSTEMPATH\CodeIgniter.php(340): CodeIgniter\CodeIgniter->handleRequest(null, Object(Config\Cache), false)
 4 SYSTEMPATH\Boot.php(417): CodeIgniter\CodeIgniter->run()
 5 SYSTEMPATH\Boot.php(68): CodeIgniter\Boot::runCodeIgniter(Object(CodeIgniter\CodeIgniter))
 6 FCPATH\index.php(59): CodeIgniter\Boot::bootWeb(Object(Config\Paths))
 7 SYSTEMPATH\rewrite.php(44): require_once('C:\\xampp\\htdocs\\MemberCreation\\public\\index.php')
DEBUG - 2026-02-16 10:06:59 --> Session: Class initialized using 'CodeIgniter\Session\Handlers\FileHandler' driver.
WARNING - 2026-02-16 10:06:59 --> [DEPRECATED] Creation of dynamic property App\Controllers\Member::$pincodeModel is deprecated in APPPATH\Controllers\Member.php on line 18.
 1 SYSTEMPATH\CodeIgniter.php(921): App\Controllers\Member->__construct()
 2 SYSTEMPATH\CodeIgniter.php(488): CodeIgniter\CodeIgniter->createController()
 3 SYSTEMPATH\CodeIgniter.php(340): CodeIgniter\CodeIgniter->handleRequest(null, Object(Config\Cache), false)
 4 SYSTEMPATH\Boot.php(417): CodeIgniter\CodeIgniter->run()
 5 SYSTEMPATH\Boot.php(68): CodeIgniter\Boot::runCodeIgniter(Object(CodeIgniter\CodeIgniter))
 6 FCPATH\index.php(59): CodeIgniter\Boot::bootWeb(Object(Config\Paths))
 7 SYSTEMPATH\rewrite.php(44): require_once('C:\\xampp\\htdocs\\MemberCreation\\public\\index.php')
DEBUG - 2026-02-16 10:06:59 --> Session: Class initialized using 'CodeIgniter\Session\Handlers\FileHandler' driver.
WARNING - 2026-02-16 10:06:59 --> [DEPRECATED] Creation of dynamic property App\Controllers\Member::$pincodeModel is deprecated in APPPATH\Controllers\Member.php on line 18.
 1 SYSTEMPATH\CodeIgniter.php(921): App\Controllers\Member->__construct()
 2 SYSTEMPATH\CodeIgniter.php(488): CodeIgniter\CodeIgniter->createController()
 3 SYSTEMPATH\CodeIgniter.php(340): CodeIgniter\CodeIgniter->handleRequest(null, Object(Config\Cache), false)
 4 SYSTEMPATH\Boot.php(417): CodeIgniter\CodeIgniter->run()
 5 SYSTEMPATH\Boot.php(68): CodeIgniter\Boot::runCodeIgniter(Object(CodeIgniter\CodeIgniter))
 6 FCPATH\index.php(59): CodeIgniter\Boot::bootWeb(Object(Config\Paths))
 7 SYSTEMPATH\rewrite.php(44): require_once('C:\\xampp\\htdocs\\MemberCreation\\public\\index.php')
DEBUG - 2026-02-16 10:07:00 --> Session: Class initialized using 'CodeIgniter\Session\Handlers\FileHandler' driver.
WARNING - 2026-02-16 10:07:00 --> [DEPRECATED] Creation of dynamic property App\Controllers\Member::$pincodeModel is deprecated in APPPATH\Controllers\Member.php on line 18.
 1 SYSTEMPATH\CodeIgniter.php(921): App\Controllers\Member->__construct()
 2 SYSTEMPATH\CodeIgniter.php(488): CodeIgniter\CodeIgniter->createController()
 3 SYSTEMPATH\CodeIgniter.php(340): CodeIgniter\CodeIgniter->handleRequest(null, Object(Config\Cache), false)
 4 SYSTEMPATH\Boot.php(417): CodeIgniter\CodeIgniter->run()
 5 SYSTEMPATH\Boot.php(68): CodeIgniter\Boot::runCodeIgniter(Object(CodeIgniter\CodeIgniter))
 6 FCPATH\index.php(59): CodeIgniter\Boot::bootWeb(Object(Config\Paths))
 7 SYSTEMPATH\rewrite.php(44): require_once('C:\\xampp\\htdocs\\MemberCreation\\public\\index.php')
DEBUG - 2026-02-16 10:07:13 --> Session: Class initialized using 'CodeIgniter\Session\Handlers\FileHandler' driver.
WARNING - 2026-02-16 10:07:13 --> [DEPRECATED] Creation of dynamic property App\Controllers\Member::$pincodeModel is deprecated in APPPATH\Controllers\Member.php on line 18.
 1 SYSTEMPATH\CodeIgniter.php(921): App\Controllers\Member->__construct()
 2 SYSTEMPATH\CodeIgniter.php(488): CodeIgniter\CodeIgniter->createController()
 3 SYSTEMPATH\CodeIgniter.php(340): CodeIgniter\CodeIgniter->handleRequest(null, Object(Config\Cache), false)
 4 SYSTEMPATH\Boot.php(417): CodeIgniter\CodeIgniter->run()
 5 SYSTEMPATH\Boot.php(68): CodeIgniter\Boot::runCodeIgniter(Object(CodeIgniter\CodeIgniter))
 6 FCPATH\index.php(59): CodeIgniter\Boot::bootWeb(Object(Config\Paths))
 7 SYSTEMPATH\rewrite.php(44): require_once('C:\\xampp\\htdocs\\MemberCreation\\public\\index.php')
DEBUG - 2026-02-16 10:07:31 --> Session: Class initialized using 'CodeIgniter\Session\Handlers\FileHandler' driver.
WARNING - 2026-02-16 10:07:31 --> [DEPRECATED] Creation of dynamic property App\Controllers\Member::$pincodeModel is deprecated in APPPATH\Controllers\Member.php on line 18.
 1 SYSTEMPATH\CodeIgniter.php(921): App\Controllers\Member->__construct()
 2 SYSTEMPATH\CodeIgniter.php(488): CodeIgniter\CodeIgniter->createController()
 3 SYSTEMPATH\CodeIgniter.php(340): CodeIgniter\CodeIgniter->handleRequest(null, Object(Config\Cache), false)
 4 SYSTEMPATH\Boot.php(417): CodeIgniter\CodeIgniter->run()
 5 SYSTEMPATH\Boot.php(68): CodeIgniter\Boot::runCodeIgniter(Object(CodeIgniter\CodeIgniter))
 6 FCPATH\index.php(59): CodeIgniter\Boot::bootWeb(Object(Config\Paths))
 7 SYSTEMPATH\rewrite.php(44): require_once('C:\\xampp\\htdocs\\MemberCreation\\public\\index.php')
DEBUG - 2026-02-16 10:07:45 --> Session: Class initialized using 'CodeIgniter\Session\Handlers\FileHandler' driver.
WARNING - 2026-02-16 10:07:45 --> [DEPRECATED] Creation of dynamic property App\Controllers\Member::$pincodeModel is deprecated in APPPATH\Controllers\Member.php on line 18.
 1 SYSTEMPATH\CodeIgniter.php(921): App\Controllers\Member->__construct()
 2 SYSTEMPATH\CodeIgniter.php(488): CodeIgniter\CodeIgniter->createController()
 3 SYSTEMPATH\CodeIgniter.php(340): CodeIgniter\CodeIgniter->handleRequest(null, Object(Config\Cache), false)
 4 SYSTEMPATH\Boot.php(417): CodeIgniter\CodeIgniter->run()
 5 SYSTEMPATH\Boot.php(68): CodeIgniter\Boot::runCodeIgniter(Object(CodeIgniter\CodeIgniter))
 6 FCPATH\index.php(59): CodeIgniter\Boot::bootWeb(Object(Config\Paths))
 7 SYSTEMPATH\rewrite.php(44): require_once('C:\\xampp\\htdocs\\MemberCreation\\public\\index.php')
DEBUG - 2026-02-16 10:16:55 --> Session: Class initialized using 'CodeIgniter\Session\Handlers\FileHandler' driver.
WARNING - 2026-02-16 10:16:55 --> [DEPRECATED] Creation of dynamic property App\Controllers\Member::$pincodeModel is deprecated in APPPATH\Controllers\Member.php on line 18.
 1 SYSTEMPATH\CodeIgniter.php(921): App\Controllers\Member->__construct()
 2 SYSTEMPATH\CodeIgniter.php(488): CodeIgniter\CodeIgniter->createController()
 3 SYSTEMPATH\CodeIgniter.php(340): CodeIgniter\CodeIgniter->handleRequest(null, Object(Config\Cache), false)
 4 SYSTEMPATH\Boot.php(417): CodeIgniter\CodeIgniter->run()
 5 SYSTEMPATH\Boot.php(68): CodeIgniter\Boot::runCodeIgniter(Object(CodeIgniter\CodeIgniter))
 6 FCPATH\index.php(59): CodeIgniter\Boot::bootWeb(Object(Config\Paths))
 7 SYSTEMPATH\rewrite.php(44): require_once('C:\\xampp\\htdocs\\MemberCreation\\public\\index.php')
DEBUG - 2026-02-16 10:17:20 --> Session: Class initialized using 'CodeIgniter\Session\Handlers\FileHandler' driver.
WARNING - 2026-02-16 10:17:20 --> [DEPRECATED] Creation of dynamic property App\Controllers\Member::$pincodeModel is deprecated in APPPATH\Controllers\Member.php on line 18.
 1 SYSTEMPATH\CodeIgniter.php(921): App\Controllers\Member->__construct()
 2 SYSTEMPATH\CodeIgniter.php(488): CodeIgniter\CodeIgniter->createController()
 3 SYSTEMPATH\CodeIgniter.php(340): CodeIgniter\CodeIgniter->handleRequest(null, Object(Config\Cache), false)
 4 SYSTEMPATH\Boot.php(417): CodeIgniter\CodeIgniter->run()
 5 SYSTEMPATH\Boot.php(68): CodeIgniter\Boot::runCodeIgniter(Object(CodeIgniter\CodeIgniter))
 6 FCPATH\index.php(59): CodeIgniter\Boot::bootWeb(Object(Config\Paths))
 7 SYSTEMPATH\rewrite.php(44): require_once('C:\\xampp\\htdocs\\MemberCreation\\public\\index.php')
DEBUG - 2026-02-16 10:18:00 --> Session: Class initialized using 'CodeIgniter\Session\Handlers\FileHandler' driver.
WARNING - 2026-02-16 10:18:00 --> [DEPRECATED] Creation of dynamic property App\Controllers\Member::$pincodeModel is deprecated in APPPATH\Controllers\Member.php on line 18.
 1 SYSTEMPATH\CodeIgniter.php(921): App\Controllers\Member->__construct()
 2 SYSTEMPATH\CodeIgniter.php(488): CodeIgniter\CodeIgniter->createController()
 3 SYSTEMPATH\CodeIgniter.php(340): CodeIgniter\CodeIgniter->handleRequest(null, Object(Config\Cache), false)
 4 SYSTEMPATH\Boot.php(417): CodeIgniter\CodeIgniter->run()
 5 SYSTEMPATH\Boot.php(68): CodeIgniter\Boot::runCodeIgniter(Object(CodeIgniter\CodeIgniter))
 6 FCPATH\index.php(59): CodeIgniter\Boot::bootWeb(Object(Config\Paths))
 7 SYSTEMPATH\rewrite.php(44): require_once('C:\\xampp\\htdocs\\MemberCreation\\public\\index.php')
DEBUG - 2026-02-16 10:18:01 --> Session: Class initialized using 'CodeIgniter\Session\Handlers\FileHandler' driver.
WARNING - 2026-02-16 10:18:01 --> [DEPRECATED] Creation of dynamic property App\Controllers\Member::$pincodeModel is deprecated in APPPATH\Controllers\Member.php on line 18.
 1 SYSTEMPATH\CodeIgniter.php(921): App\Controllers\Member->__construct()
 2 SYSTEMPATH\CodeIgniter.php(488): CodeIgniter\CodeIgniter->createController()
 3 SYSTEMPATH\CodeIgniter.php(340): CodeIgniter\CodeIgniter->handleRequest(null, Object(Config\Cache), false)
 4 SYSTEMPATH\Boot.php(417): CodeIgniter\CodeIgniter->run()
 5 SYSTEMPATH\Boot.php(68): CodeIgniter\Boot::runCodeIgniter(Object(CodeIgniter\CodeIgniter))
 6 FCPATH\index.php(59): CodeIgniter\Boot::bootWeb(Object(Config\Paths))
 7 SYSTEMPATH\rewrite.php(44): require_once('C:\\xampp\\htdocs\\MemberCreation\\public\\index.php')
DEBUG - 2026-02-16 10:18:02 --> Session: Class initialized using 'CodeIgniter\Session\Handlers\FileHandler' driver.
WARNING - 2026-02-16 10:18:02 --> [DEPRECATED] Creation of dynamic property App\Controllers\Member::$pincodeModel is deprecated in APPPATH\Controllers\Member.php on line 18.
 1 SYSTEMPATH\CodeIgniter.php(921): App\Controllers\Member->__construct()
 2 SYSTEMPATH\CodeIgniter.php(488): CodeIgniter\CodeIgniter->createController()
 3 SYSTEMPATH\CodeIgniter.php(340): CodeIgniter\CodeIgniter->handleRequest(null, Object(Config\Cache), false)
 4 SYSTEMPATH\Boot.php(417): CodeIgniter\CodeIgniter->run()
 5 SYSTEMPATH\Boot.php(68): CodeIgniter\Boot::runCodeIgniter(Object(CodeIgniter\CodeIgniter))
 6 FCPATH\index.php(59): CodeIgniter\Boot::bootWeb(Object(Config\Paths))
 7 SYSTEMPATH\rewrite.php(44): require_once('C:\\xampp\\htdocs\\MemberCreation\\public\\index.php')
DEBUG - 2026-02-16 10:18:02 --> Session: Class initialized using 'CodeIgniter\Session\Handlers\FileHandler' driver.
WARNING - 2026-02-16 10:18:02 --> [DEPRECATED] Creation of dynamic property App\Controllers\Member::$pincodeModel is deprecated in APPPATH\Controllers\Member.php on line 18.
 1 SYSTEMPATH\CodeIgniter.php(921): App\Controllers\Member->__construct()
 2 SYSTEMPATH\CodeIgniter.php(488): CodeIgniter\CodeIgniter->createController()
 3 SYSTEMPATH\CodeIgniter.php(340): CodeIgniter\CodeIgniter->handleRequest(null, Object(Config\Cache), false)
 4 SYSTEMPATH\Boot.php(417): CodeIgniter\CodeIgniter->run()
 5 SYSTEMPATH\Boot.php(68): CodeIgniter\Boot::runCodeIgniter(Object(CodeIgniter\CodeIgniter))
 6 FCPATH\index.php(59): CodeIgniter\Boot::bootWeb(Object(Config\Paths))
 7 SYSTEMPATH\rewrite.php(44): require_once('C:\\xampp\\htdocs\\MemberCreation\\public\\index.php')
DEBUG - 2026-02-16 10:18:10 --> Session: Class initialized using 'CodeIgniter\Session\Handlers\FileHandler' driver.
WARNING - 2026-02-16 10:18:10 --> [DEPRECATED] Creation of dynamic property App\Controllers\Member::$pincodeModel is deprecated in APPPATH\Controllers\Member.php on line 18.
 1 SYSTEMPATH\CodeIgniter.php(921): App\Controllers\Member->__construct()
 2 SYSTEMPATH\CodeIgniter.php(488): CodeIgniter\CodeIgniter->createController()
 3 SYSTEMPATH\CodeIgniter.php(340): CodeIgniter\CodeIgniter->handleRequest(null, Object(Config\Cache), false)
 4 SYSTEMPATH\Boot.php(417): CodeIgniter\CodeIgniter->run()
 5 SYSTEMPATH\Boot.php(68): CodeIgniter\Boot::runCodeIgniter(Object(CodeIgniter\CodeIgniter))
 6 FCPATH\index.php(59): CodeIgniter\Boot::bootWeb(Object(Config\Paths))
 7 SYSTEMPATH\rewrite.php(44): require_once('C:\\xampp\\htdocs\\MemberCreation\\public\\index.php')
DEBUG - 2026-02-16 10:18:10 --> Session: Class initialized using 'CodeIgniter\Session\Handlers\FileHandler' driver.
WARNING - 2026-02-16 10:18:10 --> [DEPRECATED] Creation of dynamic property App\Controllers\Member::$pincodeModel is deprecated in APPPATH\Controllers\Member.php on line 18.
 1 SYSTEMPATH\CodeIgniter.php(921): App\Controllers\Member->__construct()
 2 SYSTEMPATH\CodeIgniter.php(488): CodeIgniter\CodeIgniter->createController()
 3 SYSTEMPATH\CodeIgniter.php(340): CodeIgniter\CodeIgniter->handleRequest(null, Object(Config\Cache), false)
 4 SYSTEMPATH\Boot.php(417): CodeIgniter\CodeIgniter->run()
 5 SYSTEMPATH\Boot.php(68): CodeIgniter\Boot::runCodeIgniter(Object(CodeIgniter\CodeIgniter))
 6 FCPATH\index.php(59): CodeIgniter\Boot::bootWeb(Object(Config\Paths))
 7 SYSTEMPATH\rewrite.php(44): require_once('C:\\xampp\\htdocs\\MemberCreation\\public\\index.php')
DEBUG - 2026-02-16 10:18:12 --> Session: Class initialized using 'CodeIgniter\Session\Handlers\FileHandler' driver.
WARNING - 2026-02-16 10:18:12 --> [DEPRECATED] Creation of dynamic property App\Controllers\Member::$pincodeModel is deprecated in APPPATH\Controllers\Member.php on line 18.
 1 SYSTEMPATH\CodeIgniter.php(921): App\Controllers\Member->__construct()
 2 SYSTEMPATH\CodeIgniter.php(488): CodeIgniter\CodeIgniter->createController()
 3 SYSTEMPATH\CodeIgniter.php(340): CodeIgniter\CodeIgniter->handleRequest(null, Object(Config\Cache), false)
 4 SYSTEMPATH\Boot.php(417): CodeIgniter\CodeIgniter->run()
 5 SYSTEMPATH\Boot.php(68): CodeIgniter\Boot::runCodeIgniter(Object(CodeIgniter\CodeIgniter))
 6 FCPATH\index.php(59): CodeIgniter\Boot::bootWeb(Object(Config\Paths))
 7 SYSTEMPATH\rewrite.php(44): require_once('C:\\xampp\\htdocs\\MemberCreation\\public\\index.php')
DEBUG - 2026-02-16 10:18:15 --> Session: Class initialized using 'CodeIgniter\Session\Handlers\FileHandler' driver.
WARNING - 2026-02-16 10:18:15 --> [DEPRECATED] Creation of dynamic property App\Controllers\Member::$pincodeModel is deprecated in APPPATH\Controllers\Member.php on line 18.
 1 SYSTEMPATH\CodeIgniter.php(921): App\Controllers\Member->__construct()
 2 SYSTEMPATH\CodeIgniter.php(488): CodeIgniter\CodeIgniter->createController()
 3 SYSTEMPATH\CodeIgniter.php(340): CodeIgniter\CodeIgniter->handleRequest(null, Object(Config\Cache), false)
 4 SYSTEMPATH\Boot.php(417): CodeIgniter\CodeIgniter->run()
 5 SYSTEMPATH\Boot.php(68): CodeIgniter\Boot::runCodeIgniter(Object(CodeIgniter\CodeIgniter))
 6 FCPATH\index.php(59): CodeIgniter\Boot::bootWeb(Object(Config\Paths))
 7 SYSTEMPATH\rewrite.php(44): require_once('C:\\xampp\\htdocs\\MemberCreation\\public\\index.php')
DEBUG - 2026-02-16 10:20:22 --> Session: Class initialized using 'CodeIgniter\Session\Handlers\FileHandler' driver.
WARNING - 2026-02-16 10:20:22 --> [DEPRECATED] Creation of dynamic property App\Controllers\Member::$pincodeModel is deprecated in APPPATH\Controllers\Member.php on line 18.
 1 SYSTEMPATH\CodeIgniter.php(921): App\Controllers\Member->__construct()
 2 SYSTEMPATH\CodeIgniter.php(488): CodeIgniter\CodeIgniter->createController()
 3 SYSTEMPATH\CodeIgniter.php(340): CodeIgniter\CodeIgniter->handleRequest(null, Object(Config\Cache), false)
 4 SYSTEMPATH\Boot.php(417): CodeIgniter\CodeIgniter->run()
 5 SYSTEMPATH\Boot.php(68): CodeIgniter\Boot::runCodeIgniter(Object(CodeIgniter\CodeIgniter))
 6 FCPATH\index.php(59): CodeIgniter\Boot::bootWeb(Object(Config\Paths))
 7 SYSTEMPATH\rewrite.php(44): require_once('C:\\xampp\\htdocs\\MemberCreation\\public\\index.php')
DEBUG - 2026-02-16 10:20:22 --> Session: Class initialized using 'CodeIgniter\Session\Handlers\FileHandler' driver.
WARNING - 2026-02-16 10:20:22 --> [DEPRECATED] Creation of dynamic property App\Controllers\Member::$pincodeModel is deprecated in APPPATH\Controllers\Member.php on line 18.
 1 SYSTEMPATH\CodeIgniter.php(921): App\Controllers\Member->__construct()
 2 SYSTEMPATH\CodeIgniter.php(488): CodeIgniter\CodeIgniter->createController()
 3 SYSTEMPATH\CodeIgniter.php(340): CodeIgniter\CodeIgniter->handleRequest(null, Object(Config\Cache), false)
 4 SYSTEMPATH\Boot.php(417): CodeIgniter\CodeIgniter->run()
 5 SYSTEMPATH\Boot.php(68): CodeIgniter\Boot::runCodeIgniter(Object(CodeIgniter\CodeIgniter))
 6 FCPATH\index.php(59): CodeIgniter\Boot::bootWeb(Object(Config\Paths))
 7 SYSTEMPATH\rewrite.php(44): require_once('C:\\xampp\\htdocs\\MemberCreation\\public\\index.php')
DEBUG - 2026-02-16 10:20:22 --> Session: Class initialized using 'CodeIgniter\Session\Handlers\FileHandler' driver.
WARNING - 2026-02-16 10:20:22 --> [DEPRECATED] Creation of dynamic property App\Controllers\Member::$pincodeModel is deprecated in APPPATH\Controllers\Member.php on line 18.
 1 SYSTEMPATH\CodeIgniter.php(921): App\Controllers\Member->__construct()
 2 SYSTEMPATH\CodeIgniter.php(488): CodeIgniter\CodeIgniter->createController()
 3 SYSTEMPATH\CodeIgniter.php(340): CodeIgniter\CodeIgniter->handleRequest(null, Object(Config\Cache), false)
 4 SYSTEMPATH\Boot.php(417): CodeIgniter\CodeIgniter->run()
 5 SYSTEMPATH\Boot.php(68): CodeIgniter\Boot::runCodeIgniter(Object(CodeIgniter\CodeIgniter))
 6 FCPATH\index.php(59): CodeIgniter\Boot::bootWeb(Object(Config\Paths))
 7 SYSTEMPATH\rewrite.php(44): require_once('C:\\xampp\\htdocs\\MemberCreation\\public\\index.php')
DEBUG - 2026-02-16 10:20:23 --> Session: Class initialized using 'CodeIgniter\Session\Handlers\FileHandler' driver.
WARNING - 2026-02-16 10:20:23 --> [DEPRECATED] Creation of dynamic property App\Controllers\Member::$pincodeModel is deprecated in APPPATH\Controllers\Member.php on line 18.
 1 SYSTEMPATH\CodeIgniter.php(921): App\Controllers\Member->__construct()
 2 SYSTEMPATH\CodeIgniter.php(488): CodeIgniter\CodeIgniter->createController()
 3 SYSTEMPATH\CodeIgniter.php(340): CodeIgniter\CodeIgniter->handleRequest(null, Object(Config\Cache), false)
 4 SYSTEMPATH\Boot.php(417): CodeIgniter\CodeIgniter->run()
 5 SYSTEMPATH\Boot.php(68): CodeIgniter\Boot::runCodeIgniter(Object(CodeIgniter\CodeIgniter))
 6 FCPATH\index.php(59): CodeIgniter\Boot::bootWeb(Object(Config\Paths))
 7 SYSTEMPATH\rewrite.php(44): require_once('C:\\xampp\\htdocs\\MemberCreation\\public\\index.php')
DEBUG - 2026-02-16 10:20:23 --> Session: Class initialized using 'CodeIgniter\Session\Handlers\FileHandler' driver.
WARNING - 2026-02-16 10:20:23 --> [DEPRECATED] Creation of dynamic property App\Controllers\Member::$pincodeModel is deprecated in APPPATH\Controllers\Member.php on line 18.
 1 SYSTEMPATH\CodeIgniter.php(921): App\Controllers\Member->__construct()
 2 SYSTEMPATH\CodeIgniter.php(488): CodeIgniter\CodeIgniter->createController()
 3 SYSTEMPATH\CodeIgniter.php(340): CodeIgniter\CodeIgniter->handleRequest(null, Object(Config\Cache), false)
 4 SYSTEMPATH\Boot.php(417): CodeIgniter\CodeIgniter->run()
 5 SYSTEMPATH\Boot.php(68): CodeIgniter\Boot::runCodeIgniter(Object(CodeIgniter\CodeIgniter))
 6 FCPATH\index.php(59): CodeIgniter\Boot::bootWeb(Object(Config\Paths))
 7 SYSTEMPATH\rewrite.php(44): require_once('C:\\xampp\\htdocs\\MemberCreation\\public\\index.php')
DEBUG - 2026-02-16 10:20:24 --> Session: Class initialized using 'CodeIgniter\Session\Handlers\FileHandler' driver.
WARNING - 2026-02-16 10:20:24 --> [DEPRECATED] Creation of dynamic property App\Controllers\Member::$pincodeModel is deprecated in APPPATH\Controllers\Member.php on line 18.
 1 SYSTEMPATH\CodeIgniter.php(921): App\Controllers\Member->__construct()
 2 SYSTEMPATH\CodeIgniter.php(488): CodeIgniter\CodeIgniter->createController()
 3 SYSTEMPATH\CodeIgniter.php(340): CodeIgniter\CodeIgniter->handleRequest(null, Object(Config\Cache), false)
 4 SYSTEMPATH\Boot.php(417): CodeIgniter\CodeIgniter->run()
 5 SYSTEMPATH\Boot.php(68): CodeIgniter\Boot::runCodeIgniter(Object(CodeIgniter\CodeIgniter))
 6 FCPATH\index.php(59): CodeIgniter\Boot::bootWeb(Object(Config\Paths))
 7 SYSTEMPATH\rewrite.php(44): require_once('C:\\xampp\\htdocs\\MemberCreation\\public\\index.php')
DEBUG - 2026-02-16 10:22:05 --> Session: Class initialized using 'CodeIgniter\Session\Handlers\FileHandler' driver.
WARNING - 2026-02-16 10:22:05 --> [DEPRECATED] Creation of dynamic property App\Controllers\Member::$pincodeModel is deprecated in APPPATH\Controllers\Member.php on line 18.
 1 SYSTEMPATH\CodeIgniter.php(921): App\Controllers\Member->__construct()
 2 SYSTEMPATH\CodeIgniter.php(488): CodeIgniter\CodeIgniter->createController()
 3 SYSTEMPATH\CodeIgniter.php(340): CodeIgniter\CodeIgniter->handleRequest(null, Object(Config\Cache), false)
 4 SYSTEMPATH\Boot.php(417): CodeIgniter\CodeIgniter->run()
 5 SYSTEMPATH\Boot.php(68): CodeIgniter\Boot::runCodeIgniter(Object(CodeIgniter\CodeIgniter))
 6 FCPATH\index.php(59): CodeIgniter\Boot::bootWeb(Object(Config\Paths))
 7 SYSTEMPATH\rewrite.php(44): require_once('C:\\xampp\\htdocs\\MemberCreation\\public\\index.php')
DEBUG - 2026-02-16 10:22:11 --> Session: Class initialized using 'CodeIgniter\Session\Handlers\FileHandler' driver.
WARNING - 2026-02-16 10:22:11 --> [DEPRECATED] Creation of dynamic property App\Controllers\Member::$pincodeModel is deprecated in APPPATH\Controllers\Member.php on line 18.
 1 SYSTEMPATH\CodeIgniter.php(921): App\Controllers\Member->__construct()
 2 SYSTEMPATH\CodeIgniter.php(488): CodeIgniter\CodeIgniter->createController()
 3 SYSTEMPATH\CodeIgniter.php(340): CodeIgniter\CodeIgniter->handleRequest(null, Object(Config\Cache), false)
 4 SYSTEMPATH\Boot.php(417): CodeIgniter\CodeIgniter->run()
 5 SYSTEMPATH\Boot.php(68): CodeIgniter\Boot::runCodeIgniter(Object(CodeIgniter\CodeIgniter))
 6 FCPATH\index.php(59): CodeIgniter\Boot::bootWeb(Object(Config\Paths))
 7 SYSTEMPATH\rewrite.php(44): require_once('C:\\xampp\\htdocs\\MemberCreation\\public\\index.php')
DEBUG - 2026-02-16 10:22:27 --> Session: Class initialized using 'CodeIgniter\Session\Handlers\FileHandler' driver.
WARNING - 2026-02-16 10:22:27 --> [DEPRECATED] Creation of dynamic property App\Controllers\Member::$pincodeModel is deprecated in APPPATH\Controllers\Member.php on line 18.
 1 SYSTEMPATH\CodeIgniter.php(921): App\Controllers\Member->__construct()
 2 SYSTEMPATH\CodeIgniter.php(488): CodeIgniter\CodeIgniter->createController()
 3 SYSTEMPATH\CodeIgniter.php(340): CodeIgniter\CodeIgniter->handleRequest(null, Object(Config\Cache), false)
 4 SYSTEMPATH\Boot.php(417): CodeIgniter\CodeIgniter->run()
 5 SYSTEMPATH\Boot.php(68): CodeIgniter\Boot::runCodeIgniter(Object(CodeIgniter\CodeIgniter))
 6 FCPATH\index.php(59): CodeIgniter\Boot::bootWeb(Object(Config\Paths))
 7 SYSTEMPATH\rewrite.php(44): require_once('C:\\xampp\\htdocs\\MemberCreation\\public\\index.php')
DEBUG - 2026-02-16 10:22:47 --> Session: Class initialized using 'CodeIgniter\Session\Handlers\FileHandler' driver.
WARNING - 2026-02-16 10:22:47 --> [DEPRECATED] Creation of dynamic property App\Controllers\Member::$pincodeModel is deprecated in APPPATH\Controllers\Member.php on line 18.
 1 SYSTEMPATH\CodeIgniter.php(921): App\Controllers\Member->__construct()
 2 SYSTEMPATH\CodeIgniter.php(488): CodeIgniter\CodeIgniter->createController()
 3 SYSTEMPATH\CodeIgniter.php(340): CodeIgniter\CodeIgniter->handleRequest(null, Object(Config\Cache), false)
 4 SYSTEMPATH\Boot.php(417): CodeIgniter\CodeIgniter->run()
 5 SYSTEMPATH\Boot.php(68): CodeIgniter\Boot::runCodeIgniter(Object(CodeIgniter\CodeIgniter))
 6 FCPATH\index.php(59): CodeIgniter\Boot::bootWeb(Object(Config\Paths))
 7 SYSTEMPATH\rewrite.php(44): require_once('C:\\xampp\\htdocs\\MemberCreation\\public\\index.php')
DEBUG - 2026-02-16 10:22:49 --> Session: Class initialized using 'CodeIgniter\Session\Handlers\FileHandler' driver.
WARNING - 2026-02-16 10:22:49 --> [DEPRECATED] Creation of dynamic property App\Controllers\Member::$pincodeModel is deprecated in APPPATH\Controllers\Member.php on line 18.
 1 SYSTEMPATH\CodeIgniter.php(921): App\Controllers\Member->__construct()
 2 SYSTEMPATH\CodeIgniter.php(488): CodeIgniter\CodeIgniter->createController()
 3 SYSTEMPATH\CodeIgniter.php(340): CodeIgniter\CodeIgniter->handleRequest(null, Object(Config\Cache), false)
 4 SYSTEMPATH\Boot.php(417): CodeIgniter\CodeIgniter->run()
 5 SYSTEMPATH\Boot.php(68): CodeIgniter\Boot::runCodeIgniter(Object(CodeIgniter\CodeIgniter))
 6 FCPATH\index.php(59): CodeIgniter\Boot::bootWeb(Object(Config\Paths))
 7 SYSTEMPATH\rewrite.php(44): require_once('C:\\xampp\\htdocs\\MemberCreation\\public\\index.php')
DEBUG - 2026-02-16 10:22:54 --> Session: Class initialized using 'CodeIgniter\Session\Handlers\FileHandler' driver.
WARNING - 2026-02-16 10:22:54 --> [DEPRECATED] Creation of dynamic property App\Controllers\Member::$pincodeModel is deprecated in APPPATH\Controllers\Member.php on line 18.
 1 SYSTEMPATH\CodeIgniter.php(921): App\Controllers\Member->__construct()
 2 SYSTEMPATH\CodeIgniter.php(488): CodeIgniter\CodeIgniter->createController()
 3 SYSTEMPATH\CodeIgniter.php(340): CodeIgniter\CodeIgniter->handleRequest(null, Object(Config\Cache), false)
 4 SYSTEMPATH\Boot.php(417): CodeIgniter\CodeIgniter->run()
 5 SYSTEMPATH\Boot.php(68): CodeIgniter\Boot::runCodeIgniter(Object(CodeIgniter\CodeIgniter))
 6 FCPATH\index.php(59): CodeIgniter\Boot::bootWeb(Object(Config\Paths))
 7 SYSTEMPATH\rewrite.php(44): require_once('C:\\xampp\\htdocs\\MemberCreation\\public\\index.php')
DEBUG - 2026-02-16 10:24:27 --> Session: Class initialized using 'CodeIgniter\Session\Handlers\FileHandler' driver.
WARNING - 2026-02-16 10:24:27 --> [DEPRECATED] Creation of dynamic property App\Controllers\Member::$pincodeModel is deprecated in APPPATH\Controllers\Member.php on line 18.
 1 SYSTEMPATH\CodeIgniter.php(921): App\Controllers\Member->__construct()
 2 SYSTEMPATH\CodeIgniter.php(488): CodeIgniter\CodeIgniter->createController()
 3 SYSTEMPATH\CodeIgniter.php(340): CodeIgniter\CodeIgniter->handleRequest(null, Object(Config\Cache), false)
 4 SYSTEMPATH\Boot.php(417): CodeIgniter\CodeIgniter->run()
 5 SYSTEMPATH\Boot.php(68): CodeIgniter\Boot::runCodeIgniter(Object(CodeIgniter\CodeIgniter))
 6 FCPATH\index.php(59): CodeIgniter\Boot::bootWeb(Object(Config\Paths))
 7 SYSTEMPATH\rewrite.php(44): require_once('C:\\xampp\\htdocs\\MemberCreation\\public\\index.php')
DEBUG - 2026-02-16 10:24:36 --> Session: Class initialized using 'CodeIgniter\Session\Handlers\FileHandler' driver.
WARNING - 2026-02-16 10:24:36 --> [DEPRECATED] Creation of dynamic property App\Controllers\Member::$pincodeModel is deprecated in APPPATH\Controllers\Member.php on line 18.
 1 SYSTEMPATH\CodeIgniter.php(921): App\Controllers\Member->__construct()
 2 SYSTEMPATH\CodeIgniter.php(488): CodeIgniter\CodeIgniter->createController()
 3 SYSTEMPATH\CodeIgniter.php(340): CodeIgniter\CodeIgniter->handleRequest(null, Object(Config\Cache), false)
 4 SYSTEMPATH\Boot.php(417): CodeIgniter\CodeIgniter->run()
 5 SYSTEMPATH\Boot.php(68): CodeIgniter\Boot::runCodeIgniter(Object(CodeIgniter\CodeIgniter))
 6 FCPATH\index.php(59): CodeIgniter\Boot::bootWeb(Object(Config\Paths))
 7 SYSTEMPATH\rewrite.php(44): require_once('C:\\xampp\\htdocs\\MemberCreation\\public\\index.php')
DEBUG - 2026-02-16 10:24:37 --> Session: Class initialized using 'CodeIgniter\Session\Handlers\FileHandler' driver.
WARNING - 2026-02-16 10:24:37 --> [DEPRECATED] Creation of dynamic property App\Controllers\Member::$pincodeModel is deprecated in APPPATH\Controllers\Member.php on line 18.
 1 SYSTEMPATH\CodeIgniter.php(921): App\Controllers\Member->__construct()
 2 SYSTEMPATH\CodeIgniter.php(488): CodeIgniter\CodeIgniter->createController()
 3 SYSTEMPATH\CodeIgniter.php(340): CodeIgniter\CodeIgniter->handleRequest(null, Object(Config\Cache), false)
 4 SYSTEMPATH\Boot.php(417): CodeIgniter\CodeIgniter->run()
 5 SYSTEMPATH\Boot.php(68): CodeIgniter\Boot::runCodeIgniter(Object(CodeIgniter\CodeIgniter))
 6 FCPATH\index.php(59): CodeIgniter\Boot::bootWeb(Object(Config\Paths))
 7 SYSTEMPATH\rewrite.php(44): require_once('C:\\xampp\\htdocs\\MemberCreation\\public\\index.php')
DEBUG - 2026-02-16 10:25:22 --> Session: Class initialized using 'CodeIgniter\Session\Handlers\FileHandler' driver.
WARNING - 2026-02-16 10:25:22 --> [DEPRECATED] Creation of dynamic property App\Controllers\Member::$pincodeModel is deprecated in APPPATH\Controllers\Member.php on line 18.
 1 SYSTEMPATH\CodeIgniter.php(921): App\Controllers\Member->__construct()
 2 SYSTEMPATH\CodeIgniter.php(488): CodeIgniter\CodeIgniter->createController()
 3 SYSTEMPATH\CodeIgniter.php(340): CodeIgniter\CodeIgniter->handleRequest(null, Object(Config\Cache), false)
 4 SYSTEMPATH\Boot.php(417): CodeIgniter\CodeIgniter->run()
 5 SYSTEMPATH\Boot.php(68): CodeIgniter\Boot::runCodeIgniter(Object(CodeIgniter\CodeIgniter))
 6 FCPATH\index.php(59): CodeIgniter\Boot::bootWeb(Object(Config\Paths))
 7 SYSTEMPATH\rewrite.php(44): require_once('C:\\xampp\\htdocs\\MemberCreation\\public\\index.php')
DEBUG - 2026-02-16 10:25:25 --> Session: Class initialized using 'CodeIgniter\Session\Handlers\FileHandler' driver.
WARNING - 2026-02-16 10:25:25 --> [DEPRECATED] Creation of dynamic property App\Controllers\Member::$pincodeModel is deprecated in APPPATH\Controllers\Member.php on line 18.
 1 SYSTEMPATH\CodeIgniter.php(921): App\Controllers\Member->__construct()
 2 SYSTEMPATH\CodeIgniter.php(488): CodeIgniter\CodeIgniter->createController()
 3 SYSTEMPATH\CodeIgniter.php(340): CodeIgniter\CodeIgniter->handleRequest(null, Object(Config\Cache), false)
 4 SYSTEMPATH\Boot.php(417): CodeIgniter\CodeIgniter->run()
 5 SYSTEMPATH\Boot.php(68): CodeIgniter\Boot::runCodeIgniter(Object(CodeIgniter\CodeIgniter))
 6 FCPATH\index.php(59): CodeIgniter\Boot::bootWeb(Object(Config\Paths))
 7 SYSTEMPATH\rewrite.php(44): require_once('C:\\xampp\\htdocs\\MemberCreation\\public\\index.php')
DEBUG - 2026-02-16 10:25:59 --> Session: Class initialized using 'CodeIgniter\Session\Handlers\FileHandler' driver.
WARNING - 2026-02-16 10:25:59 --> [DEPRECATED] Creation of dynamic property App\Controllers\Member::$pincodeModel is deprecated in APPPATH\Controllers\Member.php on line 18.
 1 SYSTEMPATH\CodeIgniter.php(921): App\Controllers\Member->__construct()
 2 SYSTEMPATH\CodeIgniter.php(488): CodeIgniter\CodeIgniter->createController()
 3 SYSTEMPATH\CodeIgniter.php(340): CodeIgniter\CodeIgniter->handleRequest(null, Object(Config\Cache), false)
 4 SYSTEMPATH\Boot.php(417): CodeIgniter\CodeIgniter->run()
 5 SYSTEMPATH\Boot.php(68): CodeIgniter\Boot::runCodeIgniter(Object(CodeIgniter\CodeIgniter))
 6 FCPATH\index.php(59): CodeIgniter\Boot::bootWeb(Object(Config\Paths))
 7 SYSTEMPATH\rewrite.php(44): require_once('C:\\xampp\\htdocs\\MemberCreation\\public\\index.php')
DEBUG - 2026-02-16 10:28:48 --> Session: Class initialized using 'CodeIgniter\Session\Handlers\FileHandler' driver.
WARNING - 2026-02-16 10:28:48 --> [DEPRECATED] Creation of dynamic property App\Controllers\Member::$pincodeModel is deprecated in APPPATH\Controllers\Member.php on line 18.
 1 SYSTEMPATH\CodeIgniter.php(921): App\Controllers\Member->__construct()
 2 SYSTEMPATH\CodeIgniter.php(488): CodeIgniter\CodeIgniter->createController()
 3 SYSTEMPATH\CodeIgniter.php(340): CodeIgniter\CodeIgniter->handleRequest(null, Object(Config\Cache), false)
 4 SYSTEMPATH\Boot.php(417): CodeIgniter\CodeIgniter->run()
 5 SYSTEMPATH\Boot.php(68): CodeIgniter\Boot::runCodeIgniter(Object(CodeIgniter\CodeIgniter))
 6 FCPATH\index.php(59): CodeIgniter\Boot::bootWeb(Object(Config\Paths))
 7 SYSTEMPATH\rewrite.php(44): require_once('C:\\xampp\\htdocs\\MemberCreation\\public\\index.php')
DEBUG - 2026-02-16 10:28:52 --> Session: Class initialized using 'CodeIgniter\Session\Handlers\FileHandler' driver.
WARNING - 2026-02-16 10:28:52 --> [DEPRECATED] Creation of dynamic property App\Controllers\Member::$pincodeModel is deprecated in APPPATH\Controllers\Member.php on line 18.
 1 SYSTEMPATH\CodeIgniter.php(921): App\Controllers\Member->__construct()
 2 SYSTEMPATH\CodeIgniter.php(488): CodeIgniter\CodeIgniter->createController()
 3 SYSTEMPATH\CodeIgniter.php(340): CodeIgniter\CodeIgniter->handleRequest(null, Object(Config\Cache), false)
 4 SYSTEMPATH\Boot.php(417): CodeIgniter\CodeIgniter->run()
 5 SYSTEMPATH\Boot.php(68): CodeIgniter\Boot::runCodeIgniter(Object(CodeIgniter\CodeIgniter))
 6 FCPATH\index.php(59): CodeIgniter\Boot::bootWeb(Object(Config\Paths))
 7 SYSTEMPATH\rewrite.php(44): require_once('C:\\xampp\\htdocs\\MemberCreation\\public\\index.php')
CRITICAL - 2026-02-16 10:28:58 --> CodeIgniter\HTTP\Exceptions\BadRequestException: The URI you submitted has disallowed characters: "<"
[Method: GET, Route: member/%3C]
in SYSTEMPATH\Router\Router.php on line 768.
 1 SYSTEMPATH\Router\Router.php(219): CodeIgniter\Router\Router->checkDisallowedChars('member/<')
 2 SYSTEMPATH\CodeIgniter.php(829): CodeIgniter\Router\Router->handle('member/<')
 3 SYSTEMPATH\CodeIgniter.php(441): CodeIgniter\CodeIgniter->tryToRouteIt(Object(CodeIgniter\Router\RouteCollection))
 4 SYSTEMPATH\CodeIgniter.php(340): CodeIgniter\CodeIgniter->handleRequest(null, Object(Config\Cache), false)
 5 SYSTEMPATH\Boot.php(417): CodeIgniter\CodeIgniter->run()
 6 SYSTEMPATH\Boot.php(68): CodeIgniter\Boot::runCodeIgniter(Object(CodeIgniter\CodeIgniter))
 7 FCPATH\index.php(59): CodeIgniter\Boot::bootWeb(Object(Config\Paths))
 8 SYSTEMPATH\rewrite.php(44): require_once('C:\\xampp\\htdocs\\MemberCreation\\public\\index.php')
CRITICAL - 2026-02-16 10:29:11 --> CodeIgniter\HTTP\Exceptions\BadRequestException: The URI you submitted has disallowed characters: "<"
[Method: GET, Route: member/%3C]
in SYSTEMPATH\Router\Router.php on line 768.
 1 SYSTEMPATH\Router\Router.php(219): CodeIgniter\Router\Router->checkDisallowedChars('member/<')
 2 SYSTEMPATH\CodeIgniter.php(829): CodeIgniter\Router\Router->handle('member/<')
 3 SYSTEMPATH\CodeIgniter.php(441): CodeIgniter\CodeIgniter->tryToRouteIt(Object(CodeIgniter\Router\RouteCollection))
 4 SYSTEMPATH\CodeIgniter.php(340): CodeIgniter\CodeIgniter->handleRequest(null, Object(Config\Cache), false)
 5 SYSTEMPATH\Boot.php(417): CodeIgniter\CodeIgniter->run()
 6 SYSTEMPATH\Boot.php(68): CodeIgniter\Boot::runCodeIgniter(Object(CodeIgniter\CodeIgniter))
 7 FCPATH\index.php(59): CodeIgniter\Boot::bootWeb(Object(Config\Paths))
 8 SYSTEMPATH\rewrite.php(44): require_once('C:\\xampp\\htdocs\\MemberCreation\\public\\index.php')
CRITICAL - 2026-02-16 10:29:11 --> CodeIgniter\HTTP\Exceptions\BadRequestException: The URI you submitted has disallowed characters: "<"
[Method: GET, Route: member/%3C]
in SYSTEMPATH\Router\Router.php on line 768.
 1 SYSTEMPATH\Router\Router.php(219): CodeIgniter\Router\Router->checkDisallowedChars('member/<')
 2 SYSTEMPATH\CodeIgniter.php(829): CodeIgniter\Router\Router->handle('member/<')
 3 SYSTEMPATH\CodeIgniter.php(441): CodeIgniter\CodeIgniter->tryToRouteIt(Object(CodeIgniter\Router\RouteCollection))
 4 SYSTEMPATH\CodeIgniter.php(340): CodeIgniter\CodeIgniter->handleRequest(null, Object(Config\Cache), false)
 5 SYSTEMPATH\Boot.php(417): CodeIgniter\CodeIgniter->run()
 6 SYSTEMPATH\Boot.php(68): CodeIgniter\Boot::runCodeIgniter(Object(CodeIgniter\CodeIgniter))
 7 FCPATH\index.php(59): CodeIgniter\Boot::bootWeb(Object(Config\Paths))
 8 SYSTEMPATH\rewrite.php(44): require_once('C:\\xampp\\htdocs\\MemberCreation\\public\\index.php')
CRITICAL - 2026-02-16 10:29:12 --> CodeIgniter\HTTP\Exceptions\BadRequestException: The URI you submitted has disallowed characters: "<"
[Method: GET, Route: member/%3C]
in SYSTEMPATH\Router\Router.php on line 768.
 1 SYSTEMPATH\Router\Router.php(219): CodeIgniter\Router\Router->checkDisallowedChars('member/<')
 2 SYSTEMPATH\CodeIgniter.php(829): CodeIgniter\Router\Router->handle('member/<')
 3 SYSTEMPATH\CodeIgniter.php(441): CodeIgniter\CodeIgniter->tryToRouteIt(Object(CodeIgniter\Router\RouteCollection))
 4 SYSTEMPATH\CodeIgniter.php(340): CodeIgniter\CodeIgniter->handleRequest(null, Object(Config\Cache), false)
 5 SYSTEMPATH\Boot.php(417): CodeIgniter\CodeIgniter->run()
 6 SYSTEMPATH\Boot.php(68): CodeIgniter\Boot::runCodeIgniter(Object(CodeIgniter\CodeIgniter))
 7 FCPATH\index.php(59): CodeIgniter\Boot::bootWeb(Object(Config\Paths))
 8 SYSTEMPATH\rewrite.php(44): require_once('C:\\xampp\\htdocs\\MemberCreation\\public\\index.php')
CRITICAL - 2026-02-16 10:29:13 --> CodeIgniter\HTTP\Exceptions\BadRequestException: The URI you submitted has disallowed characters: "<"
[Method: GET, Route: member/%3C]
in SYSTEMPATH\Router\Router.php on line 768.
 1 SYSTEMPATH\Router\Router.php(219): CodeIgniter\Router\Router->checkDisallowedChars('member/<')
 2 SYSTEMPATH\CodeIgniter.php(829): CodeIgniter\Router\Router->handle('member/<')
 3 SYSTEMPATH\CodeIgniter.php(441): CodeIgniter\CodeIgniter->tryToRouteIt(Object(CodeIgniter\Router\RouteCollection))
 4 SYSTEMPATH\CodeIgniter.php(340): CodeIgniter\CodeIgniter->handleRequest(null, Object(Config\Cache), false)
 5 SYSTEMPATH\Boot.php(417): CodeIgniter\CodeIgniter->run()
 6 SYSTEMPATH\Boot.php(68): CodeIgniter\Boot::runCodeIgniter(Object(CodeIgniter\CodeIgniter))
 7 FCPATH\index.php(59): CodeIgniter\Boot::bootWeb(Object(Config\Paths))
 8 SYSTEMPATH\rewrite.php(44): require_once('C:\\xampp\\htdocs\\MemberCreation\\public\\index.php')
CRITICAL - 2026-02-16 10:29:13 --> CodeIgniter\HTTP\Exceptions\BadRequestException: The URI you submitted has disallowed characters: "<"
[Method: GET, Route: member/%3C]
in SYSTEMPATH\Router\Router.php on line 768.
 1 SYSTEMPATH\Router\Router.php(219): CodeIgniter\Router\Router->checkDisallowedChars('member/<')
 2 SYSTEMPATH\CodeIgniter.php(829): CodeIgniter\Router\Router->handle('member/<')
 3 SYSTEMPATH\CodeIgniter.php(441): CodeIgniter\CodeIgniter->tryToRouteIt(Object(CodeIgniter\Router\RouteCollection))
 4 SYSTEMPATH\CodeIgniter.php(340): CodeIgniter\CodeIgniter->handleRequest(null, Object(Config\Cache), false)
 5 SYSTEMPATH\Boot.php(417): CodeIgniter\CodeIgniter->run()
 6 SYSTEMPATH\Boot.php(68): CodeIgniter\Boot::runCodeIgniter(Object(CodeIgniter\CodeIgniter))
 7 FCPATH\index.php(59): CodeIgniter\Boot::bootWeb(Object(Config\Paths))
 8 SYSTEMPATH\rewrite.php(44): require_once('C:\\xampp\\htdocs\\MemberCreation\\public\\index.php')
CRITICAL - 2026-02-16 10:29:13 --> CodeIgniter\HTTP\Exceptions\BadRequestException: The URI you submitted has disallowed characters: "<"
[Method: GET, Route: member/%3C]
in SYSTEMPATH\Router\Router.php on line 768.
 1 SYSTEMPATH\Router\Router.php(219): CodeIgniter\Router\Router->checkDisallowedChars('member/<')
 2 SYSTEMPATH\CodeIgniter.php(829): CodeIgniter\Router\Router->handle('member/<')
 3 SYSTEMPATH\CodeIgniter.php(441): CodeIgniter\CodeIgniter->tryToRouteIt(Object(CodeIgniter\Router\RouteCollection))
 4 SYSTEMPATH\CodeIgniter.php(340): CodeIgniter\CodeIgniter->handleRequest(null, Object(Config\Cache), false)
 5 SYSTEMPATH\Boot.php(417): CodeIgniter\CodeIgniter->run()
 6 SYSTEMPATH\Boot.php(68): CodeIgniter\Boot::runCodeIgniter(Object(CodeIgniter\CodeIgniter))
 7 FCPATH\index.php(59): CodeIgniter\Boot::bootWeb(Object(Config\Paths))
 8 SYSTEMPATH\rewrite.php(44): require_once('C:\\xampp\\htdocs\\MemberCreation\\public\\index.php')
CRITICAL - 2026-02-16 10:29:16 --> CodeIgniter\HTTP\Exceptions\BadRequestException: The URI you submitted has disallowed characters: "<"
[Method: GET, Route: member/%3C]
in SYSTEMPATH\Router\Router.php on line 768.
 1 SYSTEMPATH\Router\Router.php(219): CodeIgniter\Router\Router->checkDisallowedChars('member/<')
 2 SYSTEMPATH\CodeIgniter.php(829): CodeIgniter\Router\Router->handle('member/<')
 3 SYSTEMPATH\CodeIgniter.php(441): CodeIgniter\CodeIgniter->tryToRouteIt(Object(CodeIgniter\Router\RouteCollection))
 4 SYSTEMPATH\CodeIgniter.php(340): CodeIgniter\CodeIgniter->handleRequest(null, Object(Config\Cache), false)
 5 SYSTEMPATH\Boot.php(417): CodeIgniter\CodeIgniter->run()
 6 SYSTEMPATH\Boot.php(68): CodeIgniter\Boot::runCodeIgniter(Object(CodeIgniter\CodeIgniter))
 7 FCPATH\index.php(59): CodeIgniter\Boot::bootWeb(Object(Config\Paths))
 8 SYSTEMPATH\rewrite.php(44): require_once('C:\\xampp\\htdocs\\MemberCreation\\public\\index.php')
CRITICAL - 2026-02-16 10:29:16 --> CodeIgniter\HTTP\Exceptions\BadRequestException: The URI you submitted has disallowed characters: "<"
[Method: GET, Route: member/%3C]
in SYSTEMPATH\Router\Router.php on line 768.
 1 SYSTEMPATH\Router\Router.php(219): CodeIgniter\Router\Router->checkDisallowedChars('member/<')
 2 SYSTEMPATH\CodeIgniter.php(829): CodeIgniter\Router\Router->handle('member/<')
 3 SYSTEMPATH\CodeIgniter.php(441): CodeIgniter\CodeIgniter->tryToRouteIt(Object(CodeIgniter\Router\RouteCollection))
 4 SYSTEMPATH\CodeIgniter.php(340): CodeIgniter\CodeIgniter->handleRequest(null, Object(Config\Cache), false)
 5 SYSTEMPATH\Boot.php(417): CodeIgniter\CodeIgniter->run()
 6 SYSTEMPATH\Boot.php(68): CodeIgniter\Boot::runCodeIgniter(Object(CodeIgniter\CodeIgniter))
 7 FCPATH\index.php(59): CodeIgniter\Boot::bootWeb(Object(Config\Paths))
 8 SYSTEMPATH\rewrite.php(44): require_once('C:\\xampp\\htdocs\\MemberCreation\\public\\index.php')
DEBUG - 2026-02-16 10:29:57 --> Session: Class initialized using 'CodeIgniter\Session\Handlers\FileHandler' driver.
WARNING - 2026-02-16 10:29:57 --> [DEPRECATED] Creation of dynamic property App\Controllers\Member::$pincodeModel is deprecated in APPPATH\Controllers\Member.php on line 18.
 1 SYSTEMPATH\CodeIgniter.php(921): App\Controllers\Member->__construct()
 2 SYSTEMPATH\CodeIgniter.php(488): CodeIgniter\CodeIgniter->createController()
 3 SYSTEMPATH\CodeIgniter.php(340): CodeIgniter\CodeIgniter->handleRequest(null, Object(Config\Cache), false)
 4 SYSTEMPATH\Boot.php(417): CodeIgniter\CodeIgniter->run()
 5 SYSTEMPATH\Boot.php(68): CodeIgniter\Boot::runCodeIgniter(Object(CodeIgniter\CodeIgniter))
 6 FCPATH\index.php(59): CodeIgniter\Boot::bootWeb(Object(Config\Paths))
 7 SYSTEMPATH\rewrite.php(44): require_once('C:\\xampp\\htdocs\\MemberCreation\\public\\index.php')
CRITICAL - 2026-02-16 10:30:05 --> CodeIgniter\HTTP\Exceptions\BadRequestException: The URI you submitted has disallowed characters: "<"
[Method: GET, Route: member/%3C]
in SYSTEMPATH\Router\Router.php on line 768.
 1 SYSTEMPATH\Router\Router.php(219): CodeIgniter\Router\Router->checkDisallowedChars('member/<')
 2 SYSTEMPATH\CodeIgniter.php(829): CodeIgniter\Router\Router->handle('member/<')
 3 SYSTEMPATH\CodeIgniter.php(441): CodeIgniter\CodeIgniter->tryToRouteIt(Object(CodeIgniter\Router\RouteCollection))
 4 SYSTEMPATH\CodeIgniter.php(340): CodeIgniter\CodeIgniter->handleRequest(null, Object(Config\Cache), false)
 5 SYSTEMPATH\Boot.php(417): CodeIgniter\CodeIgniter->run()
 6 SYSTEMPATH\Boot.php(68): CodeIgniter\Boot::runCodeIgniter(Object(CodeIgniter\CodeIgniter))
 7 FCPATH\index.php(59): CodeIgniter\Boot::bootWeb(Object(Config\Paths))
 8 SYSTEMPATH\rewrite.php(44): require_once('C:\\xampp\\htdocs\\MemberCreation\\public\\index.php')
CRITICAL - 2026-02-16 10:30:10 --> CodeIgniter\HTTP\Exceptions\BadRequestException: The URI you submitted has disallowed characters: "<"
[Method: GET, Route: member/%3C]
in SYSTEMPATH\Router\Router.php on line 768.
 1 SYSTEMPATH\Router\Router.php(219): CodeIgniter\Router\Router->checkDisallowedChars('member/<')
 2 SYSTEMPATH\CodeIgniter.php(829): CodeIgniter\Router\Router->handle('member/<')
 3 SYSTEMPATH\CodeIgniter.php(441): CodeIgniter\CodeIgniter->tryToRouteIt(Object(CodeIgniter\Router\RouteCollection))
 4 SYSTEMPATH\CodeIgniter.php(340): CodeIgniter\CodeIgniter->handleRequest(null, Object(Config\Cache), false)
 5 SYSTEMPATH\Boot.php(417): CodeIgniter\CodeIgniter->run()
 6 SYSTEMPATH\Boot.php(68): CodeIgniter\Boot::runCodeIgniter(Object(CodeIgniter\CodeIgniter))
 7 FCPATH\index.php(59): CodeIgniter\Boot::bootWeb(Object(Config\Paths))
 8 SYSTEMPATH\rewrite.php(44): require_once('C:\\xampp\\htdocs\\MemberCreation\\public\\index.php')
DEBUG - 2026-02-16 10:30:19 --> Session: Class initialized using 'CodeIgniter\Session\Handlers\FileHandler' driver.
WARNING - 2026-02-16 10:30:19 --> [DEPRECATED] Creation of dynamic property App\Controllers\Member::$pincodeModel is deprecated in APPPATH\Controllers\Member.php on line 18.
 1 SYSTEMPATH\CodeIgniter.php(921): App\Controllers\Member->__construct()
 2 SYSTEMPATH\CodeIgniter.php(488): CodeIgniter\CodeIgniter->createController()
 3 SYSTEMPATH\CodeIgniter.php(340): CodeIgniter\CodeIgniter->handleRequest(null, Object(Config\Cache), false)
 4 SYSTEMPATH\Boot.php(417): CodeIgniter\CodeIgniter->run()
 5 SYSTEMPATH\Boot.php(68): CodeIgniter\Boot::runCodeIgniter(Object(CodeIgniter\CodeIgniter))
 6 FCPATH\index.php(59): CodeIgniter\Boot::bootWeb(Object(Config\Paths))
 7 SYSTEMPATH\rewrite.php(44): require_once('C:\\xampp\\htdocs\\MemberCreation\\public\\index.php')
CRITICAL - 2026-02-16 10:30:24 --> CodeIgniter\HTTP\Exceptions\BadRequestException: The URI you submitted has disallowed characters: "<"
[Method: GET, Route: member/%3C]
in SYSTEMPATH\Router\Router.php on line 768.
 1 SYSTEMPATH\Router\Router.php(219): CodeIgniter\Router\Router->checkDisallowedChars('member/<')
 2 SYSTEMPATH\CodeIgniter.php(829): CodeIgniter\Router\Router->handle('member/<')
 3 SYSTEMPATH\CodeIgniter.php(441): CodeIgniter\CodeIgniter->tryToRouteIt(Object(CodeIgniter\Router\RouteCollection))
 4 SYSTEMPATH\CodeIgniter.php(340): CodeIgniter\CodeIgniter->handleRequest(null, Object(Config\Cache), false)
 5 SYSTEMPATH\Boot.php(417): CodeIgniter\CodeIgniter->run()
 6 SYSTEMPATH\Boot.php(68): CodeIgniter\Boot::runCodeIgniter(Object(CodeIgniter\CodeIgniter))
 7 FCPATH\index.php(59): CodeIgniter\Boot::bootWeb(Object(Config\Paths))
 8 SYSTEMPATH\rewrite.php(44): require_once('C:\\xampp\\htdocs\\MemberCreation\\public\\index.php')
DEBUG - 2026-02-16 10:30:24 --> Session: Class initialized using 'CodeIgniter\Session\Handlers\FileHandler' driver.
WARNING - 2026-02-16 10:30:24 --> [DEPRECATED] Creation of dynamic property App\Controllers\Member::$pincodeModel is deprecated in APPPATH\Controllers\Member.php on line 18.
 1 SYSTEMPATH\CodeIgniter.php(921): App\Controllers\Member->__construct()
 2 SYSTEMPATH\CodeIgniter.php(488): CodeIgniter\CodeIgniter->createController()
 3 SYSTEMPATH\CodeIgniter.php(340): CodeIgniter\CodeIgniter->handleRequest(null, Object(Config\Cache), false)
 4 SYSTEMPATH\Boot.php(417): CodeIgniter\CodeIgniter->run()
 5 SYSTEMPATH\Boot.php(68): CodeIgniter\Boot::runCodeIgniter(Object(CodeIgniter\CodeIgniter))
 6 FCPATH\index.php(59): CodeIgniter\Boot::bootWeb(Object(Config\Paths))
 7 SYSTEMPATH\rewrite.php(44): require_once('C:\\xampp\\htdocs\\MemberCreation\\public\\index.php')
CRITICAL - 2026-02-16 10:32:40 --> CodeIgniter\HTTP\Exceptions\BadRequestException: The URI you submitted has disallowed characters: "<"
[Method: GET, Route: member/%3C]
in SYSTEMPATH\Router\Router.php on line 768.
 1 SYSTEMPATH\Router\Router.php(219): CodeIgniter\Router\Router->checkDisallowedChars('member/<')
 2 SYSTEMPATH\CodeIgniter.php(829): CodeIgniter\Router\Router->handle('member/<')
 3 SYSTEMPATH\CodeIgniter.php(441): CodeIgniter\CodeIgniter->tryToRouteIt(Object(CodeIgniter\Router\RouteCollection))
 4 SYSTEMPATH\CodeIgniter.php(340): CodeIgniter\CodeIgniter->handleRequest(null, Object(Config\Cache), false)
 5 SYSTEMPATH\Boot.php(417): CodeIgniter\CodeIgniter->run()
 6 SYSTEMPATH\Boot.php(68): CodeIgniter\Boot::runCodeIgniter(Object(CodeIgniter\CodeIgniter))
 7 FCPATH\index.php(59): CodeIgniter\Boot::bootWeb(Object(Config\Paths))
 8 SYSTEMPATH\rewrite.php(44): require_once('C:\\xampp\\htdocs\\MemberCreation\\public\\index.php')
DEBUG - 2026-02-16 10:32:40 --> Session: Class initialized using 'CodeIgniter\Session\Handlers\FileHandler' driver.
WARNING - 2026-02-16 10:32:40 --> [DEPRECATED] Creation of dynamic property App\Controllers\Member::$pincodeModel is deprecated in APPPATH\Controllers\Member.php on line 18.
 1 SYSTEMPATH\CodeIgniter.php(921): App\Controllers\Member->__construct()
 2 SYSTEMPATH\CodeIgniter.php(488): CodeIgniter\CodeIgniter->createController()
 3 SYSTEMPATH\CodeIgniter.php(340): CodeIgniter\CodeIgniter->handleRequest(null, Object(Config\Cache), false)
 4 SYSTEMPATH\Boot.php(417): CodeIgniter\CodeIgniter->run()
 5 SYSTEMPATH\Boot.php(68): CodeIgniter\Boot::runCodeIgniter(Object(CodeIgniter\CodeIgniter))
 6 FCPATH\index.php(59): CodeIgniter\Boot::bootWeb(Object(Config\Paths))
 7 SYSTEMPATH\rewrite.php(44): require_once('C:\\xampp\\htdocs\\MemberCreation\\public\\index.php')
DEBUG - 2026-02-16 10:32:45 --> Session: Class initialized using 'CodeIgniter\Session\Handlers\FileHandler' driver.
WARNING - 2026-02-16 10:32:45 --> [DEPRECATED] Creation of dynamic property App\Controllers\Member::$pincodeModel is deprecated in APPPATH\Controllers\Member.php on line 18.
 1 SYSTEMPATH\CodeIgniter.php(921): App\Controllers\Member->__construct()
 2 SYSTEMPATH\CodeIgniter.php(488): CodeIgniter\CodeIgniter->createController()
 3 SYSTEMPATH\CodeIgniter.php(340): CodeIgniter\CodeIgniter->handleRequest(null, Object(Config\Cache), false)
 4 SYSTEMPATH\Boot.php(417): CodeIgniter\CodeIgniter->run()
 5 SYSTEMPATH\Boot.php(68): CodeIgniter\Boot::runCodeIgniter(Object(CodeIgniter\CodeIgniter))
 6 FCPATH\index.php(59): CodeIgniter\Boot::bootWeb(Object(Config\Paths))
 7 SYSTEMPATH\rewrite.php(44): require_once('C:\\xampp\\htdocs\\MemberCreation\\public\\index.php')
CRITICAL - 2026-02-16 10:32:45 --> CodeIgniter\HTTP\Exceptions\BadRequestException: The URI you submitted has disallowed characters: "<"
[Method: GET, Route: member/%3C]
in SYSTEMPATH\Router\Router.php on line 768.
 1 SYSTEMPATH\Router\Router.php(219): CodeIgniter\Router\Router->checkDisallowedChars('member/<')
 2 SYSTEMPATH\CodeIgniter.php(829): CodeIgniter\Router\Router->handle('member/<')
 3 SYSTEMPATH\CodeIgniter.php(441): CodeIgniter\CodeIgniter->tryToRouteIt(Object(CodeIgniter\Router\RouteCollection))
 4 SYSTEMPATH\CodeIgniter.php(340): CodeIgniter\CodeIgniter->handleRequest(null, Object(Config\Cache), false)
 5 SYSTEMPATH\Boot.php(417): CodeIgniter\CodeIgniter->run()
 6 SYSTEMPATH\Boot.php(68): CodeIgniter\Boot::runCodeIgniter(Object(CodeIgniter\CodeIgniter))
 7 FCPATH\index.php(59): CodeIgniter\Boot::bootWeb(Object(Config\Paths))
 8 SYSTEMPATH\rewrite.php(44): require_once('C:\\xampp\\htdocs\\MemberCreation\\public\\index.php')
CRITICAL - 2026-02-16 10:32:45 --> CodeIgniter\HTTP\Exceptions\BadRequestException: The URI you submitted has disallowed characters: "<"
[Method: GET, Route: member/%3C]
in SYSTEMPATH\Router\Router.php on line 768.
 1 SYSTEMPATH\Router\Router.php(219): CodeIgniter\Router\Router->checkDisallowedChars('member/<')
 2 SYSTEMPATH\CodeIgniter.php(829): CodeIgniter\Router\Router->handle('member/<')
 3 SYSTEMPATH\CodeIgniter.php(441): CodeIgniter\CodeIgniter->tryToRouteIt(Object(CodeIgniter\Router\RouteCollection))
 4 SYSTEMPATH\CodeIgniter.php(340): CodeIgniter\CodeIgniter->handleRequest(null, Object(Config\Cache), false)
 5 SYSTEMPATH\Boot.php(417): CodeIgniter\CodeIgniter->run()
 6 SYSTEMPATH\Boot.php(68): CodeIgniter\Boot::runCodeIgniter(Object(CodeIgniter\CodeIgniter))
 7 FCPATH\index.php(59): CodeIgniter\Boot::bootWeb(Object(Config\Paths))
 8 SYSTEMPATH\rewrite.php(44): require_once('C:\\xampp\\htdocs\\MemberCreation\\public\\index.php')
DEBUG - 2026-02-16 10:32:45 --> Session: Class initialized using 'CodeIgniter\Session\Handlers\FileHandler' driver.
WARNING - 2026-02-16 10:32:45 --> [DEPRECATED] Creation of dynamic property App\Controllers\Member::$pincodeModel is deprecated in APPPATH\Controllers\Member.php on line 18.
 1 SYSTEMPATH\CodeIgniter.php(921): App\Controllers\Member->__construct()
 2 SYSTEMPATH\CodeIgniter.php(488): CodeIgniter\CodeIgniter->createController()
 3 SYSTEMPATH\CodeIgniter.php(340): CodeIgniter\CodeIgniter->handleRequest(null, Object(Config\Cache), false)
 4 SYSTEMPATH\Boot.php(417): CodeIgniter\CodeIgniter->run()
 5 SYSTEMPATH\Boot.php(68): CodeIgniter\Boot::runCodeIgniter(Object(CodeIgniter\CodeIgniter))
 6 FCPATH\index.php(59): CodeIgniter\Boot::bootWeb(Object(Config\Paths))
 7 SYSTEMPATH\rewrite.php(44): require_once('C:\\xampp\\htdocs\\MemberCreation\\public\\index.php')
CRITICAL - 2026-02-16 10:32:46 --> CodeIgniter\HTTP\Exceptions\BadRequestException: The URI you submitted has disallowed characters: "<"
[Method: GET, Route: member/%3C]
in SYSTEMPATH\Router\Router.php on line 768.
 1 SYSTEMPATH\Router\Router.php(219): CodeIgniter\Router\Router->checkDisallowedChars('member/<')
 2 SYSTEMPATH\CodeIgniter.php(829): CodeIgniter\Router\Router->handle('member/<')
 3 SYSTEMPATH\CodeIgniter.php(441): CodeIgniter\CodeIgniter->tryToRouteIt(Object(CodeIgniter\Router\RouteCollection))
 4 SYSTEMPATH\CodeIgniter.php(340): CodeIgniter\CodeIgniter->handleRequest(null, Object(Config\Cache), false)
 5 SYSTEMPATH\Boot.php(417): CodeIgniter\CodeIgniter->run()
 6 SYSTEMPATH\Boot.php(68): CodeIgniter\Boot::runCodeIgniter(Object(CodeIgniter\CodeIgniter))
 7 FCPATH\index.php(59): CodeIgniter\Boot::bootWeb(Object(Config\Paths))
 8 SYSTEMPATH\rewrite.php(44): require_once('C:\\xampp\\htdocs\\MemberCreation\\public\\index.php')
DEBUG - 2026-02-16 10:32:46 --> Session: Class initialized using 'CodeIgniter\Session\Handlers\FileHandler' driver.
WARNING - 2026-02-16 10:32:46 --> [DEPRECATED] Creation of dynamic property App\Controllers\Member::$pincodeModel is deprecated in APPPATH\Controllers\Member.php on line 18.
 1 SYSTEMPATH\CodeIgniter.php(921): App\Controllers\Member->__construct()
 2 SYSTEMPATH\CodeIgniter.php(488): CodeIgniter\CodeIgniter->createController()
 3 SYSTEMPATH\CodeIgniter.php(340): CodeIgniter\CodeIgniter->handleRequest(null, Object(Config\Cache), false)
 4 SYSTEMPATH\Boot.php(417): CodeIgniter\CodeIgniter->run()
 5 SYSTEMPATH\Boot.php(68): CodeIgniter\Boot::runCodeIgniter(Object(CodeIgniter\CodeIgniter))
 6 FCPATH\index.php(59): CodeIgniter\Boot::bootWeb(Object(Config\Paths))
 7 SYSTEMPATH\rewrite.php(44): require_once('C:\\xampp\\htdocs\\MemberCreation\\public\\index.php')
CRITICAL - 2026-02-16 10:32:47 --> CodeIgniter\HTTP\Exceptions\BadRequestException: The URI you submitted has disallowed characters: "<"
[Method: GET, Route: member/%3C]
in SYSTEMPATH\Router\Router.php on line 768.
 1 SYSTEMPATH\Router\Router.php(219): CodeIgniter\Router\Router->checkDisallowedChars('member/<')
 2 SYSTEMPATH\CodeIgniter.php(829): CodeIgniter\Router\Router->handle('member/<')
 3 SYSTEMPATH\CodeIgniter.php(441): CodeIgniter\CodeIgniter->tryToRouteIt(Object(CodeIgniter\Router\RouteCollection))
 4 SYSTEMPATH\CodeIgniter.php(340): CodeIgniter\CodeIgniter->handleRequest(null, Object(Config\Cache), false)
 5 SYSTEMPATH\Boot.php(417): CodeIgniter\CodeIgniter->run()
 6 SYSTEMPATH\Boot.php(68): CodeIgniter\Boot::runCodeIgniter(Object(CodeIgniter\CodeIgniter))
 7 FCPATH\index.php(59): CodeIgniter\Boot::bootWeb(Object(Config\Paths))
 8 SYSTEMPATH\rewrite.php(44): require_once('C:\\xampp\\htdocs\\MemberCreation\\public\\index.php')
DEBUG - 2026-02-16 10:32:47 --> Session: Class initialized using 'CodeIgniter\Session\Handlers\FileHandler' driver.
WARNING - 2026-02-16 10:32:47 --> [DEPRECATED] Creation of dynamic property App\Controllers\Member::$pincodeModel is deprecated in APPPATH\Controllers\Member.php on line 18.
 1 SYSTEMPATH\CodeIgniter.php(921): App\Controllers\Member->__construct()
 2 SYSTEMPATH\CodeIgniter.php(488): CodeIgniter\CodeIgniter->createController()
 3 SYSTEMPATH\CodeIgniter.php(340): CodeIgniter\CodeIgniter->handleRequest(null, Object(Config\Cache), false)
 4 SYSTEMPATH\Boot.php(417): CodeIgniter\CodeIgniter->run()
 5 SYSTEMPATH\Boot.php(68): CodeIgniter\Boot::runCodeIgniter(Object(CodeIgniter\CodeIgniter))
 6 FCPATH\index.php(59): CodeIgniter\Boot::bootWeb(Object(Config\Paths))
 7 SYSTEMPATH\rewrite.php(44): require_once('C:\\xampp\\htdocs\\MemberCreation\\public\\index.php')
